objectnummer;instelling.naam;objectnaam;titel;beschrijving;vervaardiging.datum.begin;vervaardiging.datum.eind;vervaardiger;vervaardiger.rol;vervaardiging.plaats
V08698;Industriemuseum;lantaarn;Lichtkooi van gaslantaarn voor openbare verlichting;Ronde lantaarn voor straatverlichting op gas. Beugel uit buizen voor de gastoevoer en met klokvormige koperen kap. De glazen stolp ontbreekt. Bevestigingssysteem voor 3 hangende gloeikousjes. De basis van de beugel is voorzien van een mechanische timer om de gastoevoer te regelen. Oorspronkelijk op een lantaarnpaal bevestigd.;1900;"";onbekend;"";""
V08049;Industriemuseum;handpers;Gietijzeren handpers geproduceerd door Gouy;Gietijzeren hoogdruk handpers met houten voet uit het begin van de 19e eeuw, gemaakt door de Brusselse constructeur L. Gouy, model n° 2. Dit model vertoont gelijkenissen met de Stanhope pers, uitgevonden door Lord Stanhope in 1803.;1803;1837;Gouy L.;fabrikant;Brussel (stad)
F01483;Industriemuseum;foto;Jonge arbeidsters aan het werk in het zwingelkot van een vlasfabriek;"";1900;1900;onbekend;"";""
F00116;Industriemuseum;foto;Binnenzicht van ketelhuis met stoomketelinstallatie met semi-automatische cokesvulling;"";1920;"";onbekend;"";""
F00077;Industriemuseum;foto;Personeel blikslagerij Tessens in Gent;Centraal op de foto zit wellicht de directeur, geflankeerd door arbeiders en arbeidsters in werkkledij. Vooraan jongen met bord waarop geschreven staat: 'Blikslagerij De We D. Tessens Gent 1901'.;1901;1901;Jacobs B. & Cie;fotograaf;Gent
F00021-002;Industriemuseum;foto;Binnenzicht van drukkerij Gebroeders Meere te Gent;Interieur van de drukkerij van de Gebroeders Meere aan de Ham te Gent. Met een cilinderpers en degelpers voorzien van een aandrijfriem en twee man aan het werk.;1930;1939;onbekend;"";""
F00197;Industriemuseum;foto;Machinezaal van spinnerij Cotonnière des Flandres met tandem-compound stoommachine van het merk Van den Kerchove;"Interieur van de machinezaal van spinnerij Cotonnière des Flandres, aan de Kempstraat in Gent - België, met een tandem-compund stoommachine van het merk Van den Kerchove - Anciens Ateliers de Construction.
Voor de transmissie vanaf het vliegwiel werd gebruik gemaakt van kabels of snaren in plaats van riemen. Tijdens de opname draaide de machine.";1920;1939;onbekend;"";""
F00152;Industriemuseum;foto;Man poseert bij gasmotor;"";"";"";onbekend;"";""
F00266;Industriemuseum;foto;Binnenzicht spinnerij met twijnmolens;Jonge arbeiders en arbeidsters poseren bij en op de twijnmolens in een spinnerij, wellicht het textielbedrijf Filature & retorderie de coton Georges & Max Van Acker in Gent. De twijnmolens noemt men op de werkvloer vaak 'de retords'. De machines worden aangedreven via aandrijfriemen die verbonden zijn met een centrale transmissie-as.;"";"";onbekend;"";""
V08050;Industriemuseum;"spinmachine;mule jenny";Mule Jenny of Spinning Mule;Deze halfautomatische spinmachine staat symbool voor de eerste industriële revolutie in Vlaanderen. Ze werd op punt gesteld door Samuel Crompton en  combineert de technische basisprincipes van de spinning jenny van Hargreaves en het 'waterframe' van Arkwright. Het is de voorloper van de volautomatische spinmachine of self-actor. De Gentse ondernemer Lieven Bauwens smokkelde de eerste Mule Jenny uit Engeland naar het vasteland. De machine in het Industriemuseum kan 29 draden tegelijk spinnen en dateert vermoedelijk uit ca. 1810.;1810;"";onbekend;"";""
F00991;Industriemuseum;foto;Buitenzicht van textielfabriek La Lys in Gent;Fabrieksgebouwen van vlasspinnerij La Lys nv, gelegen tussen de Leiekaai en Nieuwewandeling in Gent. Waar zich voorheen de fabriek bevond vinden we vandaag het Groenevalleipark. Naast vlas worden in de fabriek ook jute en hennep tot garen gesponnen.;1937;"";onbekend;"";""
F01003;Industriemuseum;foto;Buitenzicht van afbraak textielfabriek La Lys in Gent;Fabrieksgebouwen van vlasspinnerij La Lys nv, gelegen tussen de Leiekaai en Nieuwewandeling in Gent. Waar zich voorheen de fabriek bevond vinden we vandaag het Groenevalleipark. Naast vlas worden in de fabriek ook jute en hennep tot garen gesponnen. Foto uit een album van bouwfirma Serck over de afbraak en bouw van fabrieksgebouwen.;1937-07-31;1937-07-31;onbekend;"";""
F00114;Industriemuseum;foto;Groepsportret van Vlaams familiebedrijf passementiers-modisten;"";1860;1860;onbekend;"";""
F01137;Industriemuseum;foto;Machinezaal van de textielfabriek Lousbergs;Deze centrale machine leverde de drijfkracht voor het volledige bedrijf. Voor alle textielmachines en tevens voor een grote goederenlift.;1900;1930;onbekend;"";""
F00118;Industriemuseum;foto;Binnenzicht van een machinezaal met stoommachine van constructiebedrijf Phoenix;"";1910;1920;onbekend;"";""
V13151;Industriemuseum;kachel;Gaskachel zonder merk;Geëmailleerde kachel op gas zonder merk. Met bijhorende vloerplaat (niet op foto).;"";"";onbekend;"";""
V00884;Industriemuseum;kachel;Verplaatsbare gaskachel zonder merk;Kleine geëmailleerde kachel op gas. Met aan de bovenkant een kookplaatje.;"";"";onbekend;"";""
V00649;Industriemuseum;gasstel;Gasstel zonder merk;Geëmailleerd gasstel met 1 brander. Tafelmodel.;"";"";onbekend;"";""
F00274-004;Industriemuseum;glasplaat;Zicht op het schakelbord in de machinezaal van een bedrijf;Marmeren schakelbord voor elektrische schakelingen in de machinezaal van het textielveredelingsbedrijf Alsberge-Van Oost in Gent.;"";"";onbekend;"";""
V27124;Industriemuseum;voorraadpot;Geëmailleerde voorraadpot voor cichorei;"";1930;1950;onbekend;"";""
V27854;Industriemuseum;schuimspaan;Geëmailleerde schuimspaan;Gebruikt om schuim uit soep, bouillon of confituur te scheppen en om voedsel uit kokend water of hete olie te scheppen en het meteen uit te laten lekken.;1920;1950;onbekend;"";""
V27123;Industriemuseum;voorraadpot;Geëmailleerde voorraadpot voor koffie;"";1930;1950;onbekend;"";""
V08171;Industriemuseum;kachel;Kolenkachel zonder merk;Kleine ronde kachel op kolen in gietijzer. Met drie geklauwde pootjes, opgebouwd uit drie segmenten en dekplaat met twee handvaten.;1920;1945;onbekend;"";""
V26406;Industriemuseum;handpers;Gietijzeren handpers geproduceerd door Mathieu;Gietijzeren hoogdruk handpers, model Albion met kniehevelmechanisme en tegengewicht op arm bovenop het frame. De Albion pers met tegengewicht is ontwikkeld in Londen in 1827 door Cope. Deze pers is kort daarna gebouwd door Mathieu in Brussel, nog voor de Belgische onafhankelijkheid (1830). Het tegengewicht bevat het koninklijk wapenschild en de spreuk 'je maintiendrai' van de Hollandse periode. Ze is één van de oudste ijzeren persen op het Europees continent en een zeer waardevol en uniek exemplaar.;1827;1830;Mathieu;fabrikant;Brussel (stad)
V08212;Industriemuseum;kachel;Gaskachel zonder merk;Geëmailleerde kachel op gas in art-nouveaustijl.;1900;1914;onbekend;"";""
V08108;Industriemuseum;"rek;inktrol";Rek met inktrollen;Houten rek voor elf inktrollen die passen op de cilinderpers geproduceerd door Henri Jullien (V08092).;1880;1890;onbekend;"";""
V08063;Industriemuseum;weefgetouw;Mechanisch weefgetouw of power loom van het merk Willan & Mills;"Nog vóór de eerste, commercieel bruikbare mechanische weefgetouwen eind 18de eeuw op de markt komen, zien de handwevers de bui al hangen. Ze slaan de nieuwe getouwen kort en klein en komen in opstand. De aankoop van een mechanisch weefgetouw is dan wel een enorme investering voor de textielproducent. Toch loont ze de moeite. Omstreeks 1820 draaien in Engeland al duizenden getouwen. De zogenaamde ""power looms"" worden aangedreven door watermolens of stoommachines. Rond 1850 werkt een mechanisch weefgetouw, aangedreven door waterkracht of een stoommachine, al dubbel zo snel als een handwever. Ze halen meer dan 150 slagen per minuut en dit zonder ophouden.

Dit type getouw, heeft twee schachten en kan maar een bepekt aantal, patronen weven. Het werd daarom meestal gebruikt voor de massaproductie van eenvoudige weefsels. Het getouw werd omstreeks 1860 gebouwd door Willan & Mills uit het Engelse stadje Blackburn. Tot in de jaren 1980 werd het gebruikt om verbandgaas te weven. De firma Willan & Mills, opgericht in 1840 werd in 1896  opgenomen in The Blackburn Loom and Weaving Machinery Making Co.";1860;1860;Willan & Mills;fabrikant;Blackburn
V08062;Industriemuseum;jacquardweefgetouw;Handweefgetouw voor jacquardweefsels;Weefgetouw met één jacquardkop en manuele inslag met werpspoel. Vermoedelijk gebruikt voor het weven van stalen en nieuwe modellen. Een jacquardweefgetouw kan zeer complexe tekeningen weven, doordat iedere kettingdraad afzonderlijk beweegt. Begin 19e eeuw ontwikkelt Joseph-Marie Jacquard, een wever uit Lyon, een systeem met kartonnen kaarten met gaatjes om ingewikkelde weefpatronen op te slaan. In de jacquardkop op het weefgetouw sturen deze ponskaarten door middel van koorden de kettingdraden aan.;1875;1900;onbekend;"";""
V08069;Industriemuseum;handpers;Gietijzeren handpers geproduceerd door Lejeune;Gietijzeren handpers uit het tweede kwart van de 19de eeuw, model Albion met tegengewicht, gemaakt door de Brusselse constructeur J.P. Lejeune. Het tegengewicht is versierd met de voorstelling van de Leeuw van Waterloo.;1840;1850;Lejeune J.P.;fabrikant;Brussel (stad)
V28666;Industriemuseum;zeep;Huishoudzeep zonder merk;Harde bruine zeep in originele papieren verpakking.;"";"";onbekend;"";""
V08341;Industriemuseum;"kachel;fornuis";Kolenkachel met kookplaat zonder merk;Geëmailleerde kachel op steenkool met drie kookplaten.;1930;1950;onbekend;"";""
V08460;Industriemuseum;lantaarn;Lichtkooi van gaslantaarn voor openbare verlichting;Ronde lantaarn voor straatverlichting op gas. Voorzien van een deurtje. Het bevestigingssysteem voor hangende gloeikousjes ontbreekt. Oorspronkelijk op een lantaarnpaal bevestigd.;1900;"";onbekend;"";""
V08458;Industriemuseum;lantaarn;Lichtkooi van gaslantaarn voor openbare verlichting;Vierkante lantaarn voor straatverlichting op gas. Aan 1 zijde voorzien van een deurtje. Het bevestigingssysteem voor hangende gloeikousjes ontbreekt. Oorspronkelijk op een lantaarnpaal bevestigd.;1900;"";onbekend;"";""
F00053;Industriemuseum;foto;Binnenzicht drukkerij Driegens in Antwerpen;Interieur van drukkerij Driegens in Antwerpen. Centraal staan twee cilinderpersen, aangedreven door drijfriemen die verbonden zijn aan drijfassen. Vier volwassen en twee kinderen zijn aan het werk. Aan de muren hangen affiches voor onder andere Anglo-Bavaroise Bornem, Aspergeries Waasiennes Vanden Broeck & C° St 'Nicolas, Antwerpsche Verzekerings-Maatschappij, Brouwerij De Leeuw Goelens & Botte en Ale Nationale Brasserie St' Joseph.;1900;"";onbekend;"";""
F00132;Industriemuseum;foto;Transport van een stoomketel gebouwd in de Ateliers Mahy Frères;Een stoomketel Mahy Fères voor de bouwfirma Marsland & Sons, vervoerd op een vrachtwagen van het Britse transportbedrijf E.W. Rudd Ltd. uit Londen.;1910;1920;onbekend;"";""
V34349;Industriemuseum;handpers;Gietijzeren handpers;Gietijzeren hoogdruk handpers, model Albion met kniehevelmechanisme en dubbel tegengewicht. De Albionpers werd ontwikkeld door Cope in Londen ca. 1820, oorspronkelijk nog zonder tegengewicht. Deze pers is merkwaardig omwille van de dubbele gewichten bovenop het frame. Het frame is vermoedelijk gebouwd door de Brusselse constructeur Vanderborght rond 1850 en werd later wellicht aangepast.;1850;"";onbekend;"";""
V28770;Industriemuseum;handdoekrail;Geëmailleerd handdoekenrek;"";1920;1940;onbekend;"";""
V13023;Industriemuseum;gasstel;Gasstel zonder merk;Geëmailleerd gasfornuis (tafelmodel) met 2 branders zonder merk.;"";"";onbekend;"";""
V13044-001;Industriemuseum;kachel;Gaskachel zonder merk;Geëmailleerde kachel op gas zonder merk. Met bijhorende vloerplaat (niet op foto).;"";"";onbekend;"";""
V13053;Industriemuseum;kachel;Gaskachel zonder merk;Geëmailleerde kachel op gas zonder merk.;1900;"";onbekend;"";""
V13058;Industriemuseum;kachel;Gaskachel zonder merk met voorzethaard;Voorzethaard met ingebouwde geëmailleerde kachel op gas zonder merk.;"";"";onbekend;"";""
V13062;Industriemuseum;gasstel;Gasstel zonder merk;Geëmailleerd gasfornuis (tafelmodel) met 2 branders zonder merk, model N° 7.;"";"";onbekend;"";""
V13064;Industriemuseum;gasstel;Gasstel zonder merk;Geëmailleerd gasstel (tafelmodel) met 1 brander zonder merk.;"";"";onbekend;"";""
V13079;Industriemuseum;kachel;Gaskachel zonder merk;Geëmailleerde kachel op gas zonder merk.;"";"";onbekend;"";""
V13094;Industriemuseum;kachel;Gaskachel zonder merk;Geëmailleerde kachel op gas zonder merk.;"";"";onbekend;"";""
V13125;Industriemuseum;gasstel;Gasstel zonder merk;Geëmailleerd gasstel (tafelmodel) met 1 brander zonder merk. Overschilderd met groene verf.;"";"";onbekend;"";""
V13148;Industriemuseum;kachel;Gaskachel zonder merk;Geëmailleerde kachel op gas zonder merk.;"";"";onbekend;"";""
V13147;Industriemuseum;kachel;Gaskachel zonder merk;Geëmailleerde kachel op gas zonder merk.;"";"";onbekend;"";""
V13154;Industriemuseum;fornuis;Gasfornuis zonder merk;Geëmailleerd gasfornuis (tafelmodel) met 3 branders en oven zonder merk.;"";"";onbekend;"";""
V13166;Industriemuseum;kachel;Gaskachel zonder merk;Geëmailleerde kachel op gas zonder merk.;"";"";onbekend;"";""
F02085;Industriemuseum;foto;Binnenplaats van Van den Kerchove;Ingepakte machines staan klaar voor transport naar het Congolees textielbedrijf Cotonco.;1930;"";onbekend;"";Gent
V13205-001;Industriemuseum;kachel;Gaskachel zonder merk;Geëmailleerde kachel op gas zonder merk in art-nouveaustijl.;"";"";onbekend;"";""
V13209;Industriemuseum;kachel;Gaskachel zonder merk;Geëmailleerde kachel op gas zonder merk.;"";"";onbekend;"";""
V13212;Industriemuseum;kachel;Gaskachel zonder merk;Geëmailleerde kachel op gas. Met geïntegreerde vloerplaat versierd met keramische tegeltjes.;"";"";onbekend;"";""
V13215;Industriemuseum;kachel;Gaskachel zonder merk;Geëmailleerde kachel op gas zonder merk.;"";"";onbekend;"";""
V13216;Industriemuseum;kachel;Gaskachel zonder merk;Geëmailleerde kachel op gas in art-nouveaustijl.;"";"";onbekend;"";""
V13072;Industriemuseum;kachel;Gaskachel zonder merk;Kachel op gas. Radiatormodel met drie leden.;1930;1940;onbekend;"";""
V13243;Industriemuseum;lantaarn;Lichtkooi van gaslantaarn voor openbare verlichting;Ronde lantaarn voor straatverlichting op gas. Voorzien van een deurtje. Het bevestigingssysteem voor hangende gloeikousjes ontbreekt. Oorspronkelijk op een lantaarnpaal bevestigd.;1900;"";onbekend;"";""
V13245;Industriemuseum;lantaarn;Lichtkooi van gaslantaarn voor openbare verlichting;Ronde lantaarn voor straatverlichting op gas. Voorzien van een deurtje. Het bevestigingssysteem voor hangende gloeikousjes ontbreekt. Oorspronkelijk op een lantaarnpaal bevestigd. Lampenglas in kunststof en vervormd door hitte.;1900;"";onbekend;"";""
V13246;Industriemuseum;lantaarn;Lichtkooi van gaslantaarn voor openbare verlichting;Ronde lantaarn voor straatverlichting op gas. Voorzien van een deurtje. Het bevestigingssysteem voor hangende gloeikousjes ontbreekt. Oorspronkelijk op een lantaarnpaal bevestigd. Eén helft van het lampenglas is in plexi.;1900;"";onbekend;"";""
V27818;Industriemuseum;bollikker;Bollikker gebruikt voor voor lederbewerking;Werktuig dat de schoenmaker gebruikt om glans te geven aan het leder, vooral aan de zool en de hiel. Het heeft een snavelvormig, ijzeren, relatief breed hoofd bevestigd aan een houten handvast. Nadat er was of polijstmiddel is aangebracht, wordt er met de hete bollikker over het leder gewreven. Met getrapte zijde die over de rand van de zool heen gewreven kan worden. [MOT];1950;"";onbekend;"";""
V27819-001;Industriemuseum;snijbeitel;Beitel om vormen uit leer te snijden;Handmatig te gebruiken metalen beitel met een breed gegolfd blad.;1950;"";onbekend;"";""
V27820;Industriemuseum;priem;Kleine priem of els met vierkante schacht gebruikt voor lederbewerking;"";1950;"";onbekend;"";""
V27821;Industriemuseum;priem;Kleine priem of els met vierkante schacht gebruikt voor lederbewerking;"";1950;"";onbekend;"";""
F02297-001;Industriemuseum;foto;Luchtfoto van textielfabriek Cotonnière Braun in Gent;Fabrieksgebouwen van textielfabriek Cotonnière E.J. Braun, gelegen in de Maïsstraat in Gent. Eind 1946 begon het Gentse textielbedrijf Union Cotonnière (later UCO) met de bouw van katoenfabriek E.J. Braun. In 1949 opent de gloednieuwe fabriek aan de Maïsstraat, vernoemd naar voorzitter Emile-Jean Braun. Het is één van de eerste gebouwen waar voorgespannen beton, op punt gezet door de Gentse professor Magnel, wordt toegepast. De techniek wordt gebruikt om grote overspanningen te realiseren. Bij de start van de productie in 1950 telt de fabriek drie grote afdelingen: een spinnerij, een twijnderij en een weverij. In 1974 schakelt men volledig over op het maken en verven van jeansstof. De sluiting van deze laatste Gentse UCO-fabriek, in 2009, staat symbool voor het einde van een tijdperk.;1948;"";onbekend;"";""
F02298;Industriemuseum;foto;Luchtfoto UCO Desmet-Guequier;"";1948;1948;onbekend;"";""
F00353;Industriemuseum;foto;Arbeidster aan het werk in katoenspinnerij UCO Rooigem;Jonge textielarbeidster aan het werk als lintaanlegger of remisseuse in de katoenspinnerij UCO Rooigem.;1943;1943;onbekend;"";""
V15260;Industriemuseum;mal;Houten mal gebruikt om gloeikousjes te vervaardigen;Gloeikousjes worden vervaardigd uit een gebreide buisvormige huls of lont. Na het behandelen van de lonten worden de rechtopstaande gloeikousjes over de mal in model getrokken. Aan de kop en rond de ring van de mal worden de fronsen mooi verdeeld. Afkomstig van de Etablissements Emile Schulze pvba in Gent.;"";"";onbekend;"";""
V15259;Industriemuseum;mal;Houten mal gebruikt om gloeikousjes te vervaardigen;Gloeikousjes worden vervaardigd uit een gebreide buisvormige huls of lont. Na het behandelen van de lonten worden de rechtopstaande gloeikousjes over de mal in model getrokken. Aan de kop en rond de ring van de mal worden de fronsen mooi verdeeld. Afkomstig van de Etablissements Emile Schulze pvba in Gent.;"";"";onbekend;"";""
F00414;Industriemuseum;foto;Buitenzicht van textielfabriek Vereenigde Spinnerijen en Weverijen in Gent;Fabrieksgebouwen van katoenspinnerij Vereenigde Spinnerijen en Weverijen of Filatures et Tissages Réunis, gelegen langs de Vliegtuiglaan in Gent. Opgericht door de socialistische coöperatieve Vooruit. In de jaren 1920 wordt de site uitgebreid naar ontwerp van architect Ferdinand Dierkens. Kort daarna komen de Vooruit-fabrieken echter al in financiële moeilijkheden. Enkele fabrieken, waaronder die aan de Vliegtuiglaan, blijven tot 1968 actief onder de vleugels van de Filatures Gantoises Réunies.;"";"";De Wilde, Charles;fotograaf;Gent
F00422;Industriemuseum;foto;Buitenzicht van textielfabriek Vereenigde Spinnerijen en Weverijen in Gent;Fabrieksgebouwen van katoenspinnerij Vereenigde Spinnerijen en Weverijen of Filatures et Tissages Réunis, gelegen langs de Vliegtuiglaan in Gent. Opgericht door de socialistische coöperatieve Vooruit. In de jaren 1920 wordt de site uitgebreid naar ontwerp van architect Ferdinand Dierkens. Kort daarna komen de Vooruit-fabrieken echter al in financiële moeilijkheden. Enkele fabrieken, waaronder die aan de Vliegtuiglaan, blijven tot 1968 actief onder de vleugels van de Filatures Gantoises Réunies.;1920;1929;De Wilde, Charles;fotograaf;Gent
AF01806-001;Industriemuseum;schilderij;Kind met hondenkar;Een lading goederen wordt vervoerd met een kar. Enkele honden zijn voor de kar gespannen en trekken de kar. Een jongen begeleidt het transport. Zicht op de Lievekaai, Sint-Antoniuskaai en Academiestraat vanop de Augustijnenkaai in Gent.;1865;1906;Toefaert, Albert;kunstenaar;Gent
V01764;Industriemuseum;gasstel;Gasstel zonder merk;Geëmailleerd gasstel (tafelmodel) met 1 brander zonder merk.;"";"";onbekend;"";""
D05497;Industriemuseum;porseleinkaart;Visitekaart van handelaar in porselein en kristal Luycks-Houdet in Gent;Porseleinkaart van handelaar in porselein en kristal L. Luycks-Houdet, gevestigd in de Zonnestraat 2 in Gent. Gedrukt door F. & E. Gyselynck in Gent.;1840;1860;Gyselynck F. & E.;lithograaf;Gent
D05501;Industriemuseum;porseleinkaart;Visitekaart van kledingwinkel Verbockhaven in Gent;Porseleinkaart van kledingwinkel voor mannen en kinderen P.J. Verbockhaven, gevestigd in deKalanderstraat in Gent. Depot te Brussel en Luik. Gedrukt door F. & E. Gyselynck in Gent.;1840;1860;Gyselynck F. & E.;lithograaf;Gent
D05491;Industriemuseum;porseleinkaart;Porseleinkaart van passementweverij L. Versavel-Grossé;"";1840;1860;"Gyselynck F. & E.;Versavel-Grossé L.";"lithograaf;adverteerder";"Gent;"
D05504;Industriemuseum;porseleinkaart;Visitekaart van steendrukkerij Van de Steene;Porseleinkaart van de steendrukkerij van de Gebroeders Van de Steene, gevestigd aan de Quai du Bas-Escaut te Gent. Op achterzijde staat een kalender van het jaar 1843.;1843;"";Van de Steene Frères;drukker;Gent
D05516;Industriemuseum;porseleinkaart;Visitekaart van papierhandelaar Olin te Brussel;Porseleinkaart van papierhandelaar Olin te Brussel. Gedrukt door Lith. G. Jacqmain te Gent.;1840;1860;Jacqmain G.;lithograaf;Gent
F00274-003;Industriemuseum;glasplaat;Binnenzicht machinezaal met poserende mannen zittend op een alternator;Machinezaal in het textielveredelingsbedrijf Alsberge-Van Oost in Gent. De alternotor is een machine die wisselstroom opwekt. De man links zit op de stator. Dat is een cirkelvormige behuizing met aan de binnenkant van het loopvlak een ring spoelen die een magnetisch veld opwekken. Doorheen de stator loopt de as (met riem aangedreven door de stoommachine) met rotor (die ronddraait in de stator). De man rechts zit op de behuizing van de koperen sleepringen en koolstofborstels die dienen om gelijkstroom op te wekken. Die gelijkstroom wordt gebruikt om in de spoelen van de stator een elektromagnetisch veld op te wekken. Het betreft hier een traaglopende alternator.;"";"";onbekend;"";""
D15113;Industriemuseum;gebruiksaanwijzing;Gebruiksaanwijzing om toe te voegen in verpakking met gloeikousje;De gloeikousjes werden geproduceerd en verpakt bij Etablissements Emile Schulze pvba in Gent.;"";"";onbekend;"";""
D15114;Industriemuseum;flyer;Flyer met reclame voor gloeikousjes van het merk Dura;De gloeikousjes werden geproduceerd door Etablissements Emile Schulze pvba in Gent. Dura was het huismerk van Schulze.;"";"";onbekend;"";""
D15115;Industriemuseum;flyer;Flyer met reclame voor gloeikousjes van het merk Dura;De gloeikousjes werden geproduceerd door Etablissements Emile Schulze pvba in Gent. Dura was het huismerk van Schulze. Reclame verdeeld door handelsmaatschapij E. Dunlop & Co, actief in Nederlands Oost-Indië.;"";"";onbekend;"";""
D15117;Industriemuseum;etiket;Verpakkingsetiket voor gloeikousjes;Etiket om op kartonnen verpakking voor gloeikousjes te kleven. Op het etiket kon gestempeld of geschreven worden hoeveel exemplaren de verpakking bevatte. De gloeikousjes werden, waarschijnlijk in opdracht, geproduceerd en verpakt bij Etablissements Emile Schulze pvba in Gent.;"";"";onbekend;"";""
D15118;Industriemuseum;etiket;Verpakkingsetiket voor gloeikousjes;Etiket om op kartonnen verpakking voor gloeikousjes te kleven. Op het etiket kon gestempeld of geschreven worden hoeveel exemplaren de verpakking bevatte. De gloeikousjes werden, waarschijnlijk in opdracht, geproduceerd en verpakt bij Etablissements Emile Schulze pvba in Gent.;"";"";onbekend;"";""
D15122;Industriemuseum;etiket;Verpakkingsetiket voor gloeikousjes van het merk Tilley;Etiket om op verpakking voor gloeikousjes van het merk Tilley, type cp 150 te kleven. Tilley is zowel een producent als ook een type van benzine- of petroleumvergassers. De gloeikousjes werden geproduceerd en verpakt bij Etablissements Emile Schulze pvba in Gent.;"";"";onbekend;"";""
D15125;Industriemuseum;etiket;Waarschuwingsetiket met advies voor het gebruik van een gloeikousje;Etiket met waarschuwing om op verpakking voor gloeikousje te kleven. De gloeikousjes werden geproduceerd en verpakt bij Etablissements Emile Schulze pvba in Gent.;"";"";onbekend;"";""
F09675;Industriemuseum;foto;Binnenzicht van drukkerij Erasmus te Ledeberg;Interieur van drukkerij Erasmus in Ledeberg rond 1930. De drukkerij heeft een balkon waar de zetterij is ondergebracht, met de zetbokken. Op het gelijkvloerse gedeelte zien we de drukkerij met twee cilinderpersen en de afwerking.;1930;1939;onbekend;"";Gent
F02251;Industriemuseum;foto;Binnenzicht elektriciteitscentrale van Boekarest met dieselmotor van constructiebedrjif Carels;"";1920;1920;onbekend;"";""
F00185;Industriemuseum;foto;Machinezaal met verticale dieselmotor;"";1901;1925;onbekend;"";""
F00274-001-002;Industriemuseum;glasplaat;Machinezaal met stoommachine in textielfabriek Alsberge-Van Oost in Gent;Stoommachine in de machinekamer van textielveredelingsbedrijf Alsberge-Van Oost nv, gelegen aan de Drongensesteenweg in Gent. De driecilinderstoommachine van 1913 is gebouwd door machinebouwer Van den Kerchove in Gent. De stoommachine is een combinatie van een monocylinder en tandem. Via een drijfriem verbonden met een elektrische installatie. De machinist poseert bij de machine. De machinekamer is bekleed met faiencetegels in art-nouveaustijl.;1913;1925;onbekend;"";""
AF00124-001;Industriemuseum;"prent;lijst";Landschap met koeien en koewachtersjongen;Ingekaderde prent met koeien in een weide bij een waterplas. Een kleine jongen is mogelijks de koeien aan het hoeden.;"";"";Kämmerer, Robert;kunstenaar;Duitsland
V31245;Industriemuseum;houder smeltzekering;Voet voor schroefkop als houder voor een Diazed smeltveiligheid;"Vierkante voet in porselein waar een schroefkop met beschermglas kan in bevestigd worden. Gebruikt om een smeltpatroon type Diazed of D-veiligheid in een verdeelinrichtingen of verdeelkast vast te houden.
Technisch: voor patroon van 500V - 25A.";"";"";onbekend;"";""
V31247;Industriemuseum;lamphouder;Lamphouder voor hanglamp;"Houder in witte porselein voor een elektrische lamp met E27 schroeffitting.
Technisch: 250V.";"";"";onbekend;"";""
AF00933;Industriemuseum;"diploma;lijst";Diploma Exposition Universelle, gouden medaille, uitgereikt aan La société Linière Gantoise, 1867.;Diploma van de Exposition Universelle, georganiseerd te Parijs in 1867, van uitreiking gouden medaille. Bevattende ingekaderd het diploma en de gouden medaille omringd door staaltjes vlaslinnen met op achtergrond lichtgroene velours. Diploma met blindstempel van Napoleon III.;1867;"";"";"";""
V08005;Industriemuseum;"semafoor;schaalmodel";Schaalmodel van de semafoor of optische telegraaf van Claude Chappe;"Houten schaalmodel van een semafoor. Een semafoorverbinding of -lijn bestond uit verschillende posten, opgesteld op kerktorens, heuvels of andere verhoogde posities in het landschap. Sommige posten lagen tot tien kilometer van elkaar. Berichten werden zo, visueel, van post naar post verzonden over grote afstand.
De constructie bestaat uit een verticale ladder, aan de bovenzijde voorzien van een mobiele dwarsbalk. Aan beide uiteinden van deze balk zijn beweegbare vleugels aangebracht. De vleugels zijn elk voorzien van een loden tegengewicht. Een systeem met katrollen en hendels, aan de onderkant van de verticale ladder is met draad verbonden aan de mobiele dwarsbalk en de twee vleugels. Dit laat toe om alle onderdelen van de mechaniek, autonoom van elkaar te laten bewegen en in verschillende configuraties te zetten. De semafoor kan op deze manier ongeveer 256 signalen vormen.";1792;1860;Chappe, Claude;uitvinder;""
V25492;Industriemuseum;koffiefilter;Geëmailleerde herbruikbare koffiefilter;"";1900;1950;onbekend;"";""
V35129;Industriemuseum;lampenkap;Lampenkap in roze glas;Matte roze glazen kap voor een hanglamp met craquelétextuur in Art deco stijl.;1920;1939;onbekend;"";""
V35130;Industriemuseum;lampenkap;Lampenkap in geel-bruin glas;Geel-bruine glazen kap voor een hanglamp in Art deco stijl.;1920;1939;onbekend;"";""
V26059;Industriemuseum;doos;Doos voor kinderzeep van het merk Sneeuwwitje;Platte kartonnen doos voor zeep van het merk Sneeuwwitje.;1900;1950;onbekend;"";""
V26086;Industriemuseum;boenwas;Flesje boenwas;Fles met vloeibare boenwas. Tekst in het Nederlands en het Frans.;1930;1950;onbekend;"";""
V09288;Industriemuseum;diepdrukpers;Diepdrukpers of etspers met houten frame;Drukpers voor diepdruk afkomstig uit het atelier van kunstenaar Albert Goethals (Brugge, 1885-1973), bekend om zijn etsen met Brugse stadsgezichten.;"";"";onbekend;"";""
V33987;Industriemuseum;houder smeltzekering;Voet voor schroefkop als houder voor een Diazed smeltveiligheid;Rechthoekige voet in porselein waar een schroefkop met beschermglas kan in bevestigd worden. Gebruikt om een smeltpatroon type Diazed of D-veiligheid in een verdeelinrichtingen of verdeelkast vast te houden.;"";"";onbekend;"";""
V33947;Industriemuseum;steendrukpers;Houten steendrukpers;Houten steendrukpers die rechtstreeks via het sterwiel met de hand wordt aangedreven. De pers is afkomstig uit de Gentse drukkerij Vander Haeghen.;1801;1850;onbekend;"";""
V26615;Industriemuseum;ondersteek;Geëmailleerde ondersteek of bedpan;"";"";"";onbekend;"";""
V40052;Industriemuseum;aambeeld;Aambeeld met twee hoorns;Massief aambeeld in metaal. De pin onderaan werd in een houten blok bevestigd om de schokken op te vangen. Eventuele merknaam is onleesbaar. Gebruikt voor lederbewerking.;"";"";onbekend;"";""
V26607;Industriemuseum;ondersteek;Geëmailleerde ondersteek of bedpan;"";1900;1950;onbekend;"";""
V26608;Industriemuseum;ondersteek;Geëmailleerde ondersteek of bedpan;"";1900;1950;onbekend;"";""
V26609;Industriemuseum;ondersteek;Geëmailleerde ondersteek of bedpan;"";1900;1950;onbekend;"";""
V26613;Industriemuseum;urinaal;Geëmailleerde urinaal voor mannen;"";1900;1950;onbekend;"";""
V26663;Industriemuseum;irrigator;Geëmailleerde spoelkan;Spoelkan met inhoud van twee liter in wit email met bovenaan blauwe boord en onderaan een onleesbare stempel van de producent. Achteraan met uitsparing om op te hangen. Voorzijde met handvat en bevestiging voor bijhorende darm, canule en kraantje.;1900;1950;onbekend;"";""
V26665;Industriemuseum;irrigator;Geëmailleerde spoelkan;Spoelkan met inhoud van een liter in wit en blauw geaderd email met bovenaan blauwe boord. Achteraan met uitsparing om op te hangen. Voorzijde met handvat en bevestiging voor bijhorende darm, canule en kraantje (deze accessoires ontbreken).;1900;1950;onbekend;"";""
AF01486;Industriemuseum;uithangbord;Geëmailleerd firmabord van Bertelson;Emailbord voor constructeur-mécanicien Alf. Bertelson.;1920;1950;onbekend;"";""
V26404;Industriemuseum;handpers;Houten handpers;Houten hoogdruk handpers die werkt volgens het tweede Blaeu-mechanisme. De Amsterdamse cartograaf en uitgever Willem Janszoon Blaeu bedacht rond 1620 een nieuw mechanisme rond de schroef en bracht hieraan later nog een wijziging aan. Deze pers werkt volgens de tweede variant, met een metalen degel verbonden aan de schroef met een ijzeren structuur. Ze werd door het Industriemuseum gerestaureerd tot werkende handpers.;1800;"";onbekend;"";""
V13170;Industriemuseum;kachel;Gaskachel zonder merk;Geëmailleerde kachel op gas zonder merk.;"";"";onbekend;"";""
V13120;Industriemuseum;kachel;Gaskachel zonder merk;Geëmailleerde kachel op gas met apart voorzetstuk. Zonder merk. In art-nouveaustijl.;"";"";onbekend;"";""
V13165;Industriemuseum;fornuis;Gasfornuis zonder merk;Geëmailleerd gasfornuis met 43 branders en oven zonder merk.;"";"";onbekend;"";""
V13244;Industriemuseum;lantaarn;Lichtkooi van gaslantaarn voor openbare verlichting;Ronde lantaarn voor straatverlichting op gas. Het bevestigingssysteem voor hangende gloeikousjes en het lampenglas ontbreken. Oorspronkelijk op een lantaarnpaal bevestigd.;1900;"";onbekend;"";""
V27890;Industriemuseum;lampenkap;Lampenkap in wit opaline glas;"";1950;"";onbekend;"";""
V27891;Industriemuseum;lampenkap;Lampenkap in wit opaline glas;Aan de onderzijde versierd met een geschilderde afbeelding van druivenranken.;1950;"";onbekend;"";""
V27896;Industriemuseum;lampenkap;Lampenkap in mat glas;Tulpvormige matte glazen kap voor een hanglamp.;1940;1950;onbekend;"";""
V26610;Industriemuseum;ondersteek;Geëmailleerde ondersteek of bedpan;"";1900;1950;onbekend;"";""
V08697-001;Industriemuseum;lantaarn;Lichtkooi van gaslantaarn voor openbare verlichting;Ronde lantaarn voor straatverlichting op gas. Beugel uit buizen voor de gastoevoer en met klokvormige koperen kap. De glazen stolp ontbreekt. Het bevestigingssysteem voor hangende gloeikousjes ontbreekt. Oorspronkelijk aan een lantaarnpaal bevestigd (hangend model).;1900;"";onbekend;"";""
V15467;Industriemuseum;spinnewiel;Vleugel- of trapspinnewiel en spinrok;Klassiek vleugel- of trapspinnewiel of zogenaamd Saksisch spinnewiel. Spinnewiel op drie poten met spingestel, vliegwiel, trapinrichting en spinrok. Verbinding tussen trapplank en wiel ontbreekt. Met bijhorende spinrok.;"";"";onbekend;"";""
V08788;Industriemuseum;drinkbus;Metalen drinkbus in blauwe email;Niervormige, metalen, blauw geëmailleerde drinkbus met dop in kurk.;1920;1940;onbekend;"";""
V08706;Industriemuseum;diepdrukpers;Diepdrukpers of etspers met gietijzeren frame;Drukpers voor diepdruk, ook etspers genoemd, naar de techniek van het etsen om de drukplaat te maken. Afkomstig van kunstenaar Geo Langie (Gent, 1906-1982).;"";"";onbekend;"";""
V08097;Industriemuseum;papierpers;Papierpers of boekenpers;Houten papierpers of boekenpers met twee gietijzeren zuilen, afkomstig uit de Drukkerij Vermeulen te Gent.;1850;"";onbekend;"";""
V28039;Industriemuseum;trechter;Geëmailleerde trechter;"";1900;1950;onbekend;"";""
V27889;Industriemuseum;lampenkap;Lampenkap in wit opaline glas;"";1950;"";onbekend;"";""
F00130;Industriemuseum;foto;Lancaster stoomketel voor plaatsing;"";1910;"";onbekend;"";""
V08908;Industriemuseum;lantaarnpaal;Lantaarnpaal voor straatverlichting op gas;Gietijzeren lantaarnpaal waarop een lichtkooi kan worden gemonteerd. Gebruikt voor straatverlichting op gas.;"";"";onbekend;"";""
F00021-001;Industriemuseum;foto;Binnenzicht van drukkerij Gebroeders Meere te Gent;Interieur zetterij van de drukkerij van de Gebroeders Meere aan de Ham te Gent. Er zijn drie mensen aan het werk, een zetter aan de zetbok met letterkasten, een opmaker aan de werktafel met stenen bovenblad en een man aan de telefoon. Op de achtergrond ook een nietmachine om drukwerk in te binden.;1930;1939;onbekend;"";""
F00021-003;Industriemuseum;foto;Binnenzicht van drukkerij Gebroeders Meere te Gent;Interieur van de drukkerij van de Gebroeders Meere aan de Ham te Gent. Met een cilinderpers voorzien van een aandrijfriem en twee man aan het werk.;1930;1939;onbekend;"";""
F00021-004;Industriemuseum;foto;Binnenzicht van drukkerij Gebroeders Meere te Gent;Interieur zetterij van de drukkerij van de Gebroeders Meere aan de Ham te Gent. Met zetbokken en letterkasten voor handzetten en zes mannen aan het werk.;1930;1939;onbekend;"";""
V08967;Industriemuseum;toiletemmer;Geëmailleerde nachtemmer met deksel;Voorzien van Kopenhaags motief.;1930;1950;onbekend;"";""
V08965;Industriemuseum;sounder;Sounder of trommelklopper van een telegraaf;Een telegrafist kan doorgeseinde morsecodes op het gehoor ontvangen. Het toestel, bestaande uit twee cilindervormige elektromagneten, een kleine klepel en een koperen trommel, zet de elektrische pulsen van het doorgeseinde bericht om in een ritmisch, klikkend geluid. Geoefende telegrafisten konden op die manier 30 tot 40 woorden per minuut ontvangen. Anders dan bij het gebruik van de telegraaf met papierband, is er bij ontvangst via een sounder geen papieren bewijs. In de Verenigde Staten is het toestel al vanaf de jaren 1850 in gebruik. In België is het gebruik pas vanaf 1892 toegestaan.;"";"";onbekend;"";""
V00610;Industriemuseum;twijnmolen;Ovalen twijnmolen;Twijnen is het verdubbelen van het garen door het in elkaar verstrengelen van twee of meer enkelvoudige draden. Hierdoor krijgt men een stevige, sterke draad, die ook als kettingdraad op een weefgetouw kan gebruikt worden. Terwijl tijdens het Ancien Régime spinnen en weven in belangrijke mate op het platteland gebeurden, was twijnen een typisch stedelijk ambacht. Het was het werk van de twijnders, die daarvoor ovale twijnmolens gebruikten. Deze twijnmolen is wellicht de oudst bestaande vlastwijnmolen ter wereld en één van de merkwaardigste objecten van het Industriemuseum. Twijnmolens werden ovaal- of cirkelvormig gebouwd. Op elke bobijn zijn twee of meer draden evenwijdig aan elkaar opgewonden. Door het draaien van het vliegertje boven op de bobijn, worden de draden in elkaar gedraaid. De sterke getwijnde draad wordt daarna opgewonden op een haspel die zich boven de bobijnen bevindt. Haspel en bobijnen worden aangedreven met handbediening. Voor het draaien van het aandrijfwiel werden vaak kinderen ingezet. Het principe van de twijnmolen werd uitgevonden in China, waar het werd toegepast in de zijdenijverheid. Toen deze nijverheid vanuit China naar West-Europa werd gebracht, met als belangrijkste centra Lucca en Bologna in Italië, vond de twijnmolen ook daar ingang. In de Vlaamse vlasnijverheid gebruikte men de ovale twijnmolen. Op deze twijnmolen is er plaats voor 47 bobijnen en kunnen dus tegelijkertijd evenzoveel getorste draden bekomen worden. Aan de haspel bevindt zich tevens een bel, die bij elke omwenteling aanslaat, zodat de lengte van de getwijnde draden gemakkelijk kan geteld worden.;1789;"";onbekend;"";""
F00113;Industriemuseum;foto;Binnenzicht machinezaal met stoommachine;"";1920;"";onbekend;"";""
F00177-003;Industriemuseum;foto;Binnenzicht van textielfabriek Usines Cotonnières Gand-Zele-Tubize in Gent;Lege fabriekszaal van textielfabriek Usines Cotonnières Gand-Zele-Tubize, gelegen aan de Nieuwevaart in Gent. Foto uit reportage gemaakt na bezetting en leeghalen bedrijf tijdens Eerste Wereldoorlog.;"";"";De Wilde, Charles;fotograaf;Gent
F00177-006;Industriemuseum;foto;Buitenzicht van textielfabriek Usines Cotonnières Gand-Zele-Tubize in Gent;Fabrieksgebouwen en binnenplein van textielfabriek Usines Cotonnières Gand-Zele-Tubize, gelegen aan de Nieuwevaart in Gent. Foto uit reportage gemaakt na bezetting en leeghalen bedrijf tijdens Eerste Wereldoorlog.;"";"";De Wilde, Charles;fotograaf;Gent
F00177-016;Industriemuseum;foto;Binnenzicht van textielfabriek Usines Cotonnières Gand-Zele-Tubize in Gent;Fabriekszaal met machines die gebruik werden om de kettingdraad te scheren of door te halen van textielfabriek Usines Cotonnières Gand-Zele-Tubize, gelegen aan de Nieuwevaart in Gent. Foto uit reportage gemaakt na bezetting en leeghalen bedrijf tijdens Eerste Wereldoorlog.;"";"";De Wilde, Charles;fotograaf;Gent
F00177-002;Industriemuseum;foto;Binnenzicht van textielfabriek Usines Cotonnières Gand-Zele-Tubize in Gent;Fabriekszaal met drooginstallatie van textielfabriek Usines Cotonnières Gand-Zele-Tubize, gelegen aan de Nieuwevaart in Gent. Foto uit reportage gemaakt na bezetting en leeghalen bedrijf tijdens Eerste Wereldoorlog.;"";"";De Wilde, Charles;fotograaf;Gent
F00177-012;Industriemuseum;foto;Binnenzicht van textielfabriek Usines Cotonnières Gand-Zele-Tubize in Gent;Fabriekszaal van textielfabriek Usines Cotonnières Gand-Zele-Tubize, gelegen aan de Nieuwevaart in Gent. Foto uit reportage gemaakt na bezetting en leeghalen bedrijf tijdens Eerste Wereldoorlog. Zich op appreteermachines gebruikt bij textielveredeling.;"";"";De Wilde, Charles;fotograaf;Gent
F00177-021;Industriemuseum;foto;Binnenzicht van textielfabriek Usines Cotonnières Gand-Zele-Tubize in Gent;Fabriekszaal of magazijn van textielfabriek Usines Cotonnières Gand-Zele-Tubize, gelegen aan de Nieuwevaart in Gent. Foto uit reportage gemaakt na bezetting en leeghalen bedrijf tijdens Eerste Wereldoorlog.;"";"";De Wilde, Charles;fotograaf;Gent
F00177-017;Industriemuseum;foto;Binnenzicht van textielfabriek Usines Cotonnières Gand-Zele-Tubize in Gent;Fabriekszaal van textielfabriek Usines Cotonnières Gand-Zele-Tubize, gelegen aan de Nieuwevaart in Gent. Foto uit reportage gemaakt na bezetting en leeghalen bedrijf tijdens Eerste Wereldoorlog.;"";"";De Wilde, Charles;fotograaf;Gent
F00177-018;Industriemuseum;foto;Binnenzicht van textielfabriek Usines Cotonnières Gand-Zele-Tubize in Gent;Fabriekszaal met verfmachine Fabriekszaal van textielfabriek Usines Cotonnières Gand-Zele-Tubize, gelegen aan de Nieuwevaart in Gent. Foto uit reportage gemaakt na bezetting en leeghalen bedrijf tijdens Eerste Wereldoorlog. Zicht op een autoclaaf, een drukvat om textiel te verven.;"";"";De Wilde, Charles;fotograaf;Gent
F00177-019;Industriemuseum;foto;Binnenzicht van textielfabriek Usines Cotonnières Gand-Zele-Tubize in Gent;Magazijn van Usines Cotonnières Gand-Zele-Tubize, gelegen aan de Nieuwevaart in Gent. Foto uit reportage gemaakt na bezetting en leeghalen bedrijf tijdens Eerste Wereldoorlog.;"";"";De Wilde, Charles;fotograaf;Gent
V09324-001;Industriemuseum;selectietest;Selectietest of memotechnische test voor textielarbeiders;Memotechnische test gebruikt tijdens de selectieprocedure voor personeel in UCO Maïsstraat te Gent. Aan de sollicitant wordt een lijnillustratie getoond op een klein bordje dat hij met behulp van een touw moet reproduceren op het grote bord door de haken met elkaar te verbinden.;1950;1950;onbekend;"";""
AF01745;Industriemuseum;schilderij;'La fabrique de gaz de Roelandt à Gand' geschilderd door Neyt;Binnenzicht van de retortenzaal van de gasfabriek van Louis Roelandt, gelegen aan de Waalse Krook in Gent. In 1823 richt stadarchitect Louis Roelandt de eerste gasfabriek op in Gent aan de Kleine Huidevettershoek. Pas in 1824 krijgt Roelandt de officiële toestemming om van start te gaan. Het gasbedrijf zorgt eerst voor gasverlichting in privéwoningen, vanaf 1826 komen daar openbare gebouwen en pleinen bij. Voor de productie van gas komen bijna alle organische stoffen in aanmerking. Maar de beste resultaten worden behaald met steenkool en olie. De omzetting daarvan naar gas wordt destillatie genoemd. Het procedé gebeurt in een retort. In deze lange, cilindervormige pijpen worden de grondstoffen tot meer dan 1000 °C opgewarmd. De dampen (gassen) die vrijkomen worden aan het uiteinde van de retort opgevangen. Ze bevatten tal van onzuiverheden. Door ze verder door een buizenstelsel te loodsen en af te koelen of te condenseren, wordt het gas gezuiverd. Van de oorspronkelijke kolen blijven cokes achter. Die bevatten nog voldoende energie om als brandstof voor de retorten te gebruiken, wat dit procédé voordelig maakt.;"";"";Neyt, Bernard;kunstenaar;""
D09580;Industriemuseum;porseleinkaart;Visitekaart van drukker Verhulst;Porseleinkaart van drukker Desiré Verhulst, Gent. Met afbeelding van een gietijzeren handpers, type Albion, van de Brusselse producent Lejeune.;"";"";onbekend;"";""
D09583;Industriemuseum;porseleinkaart;Visitekaart van drukker Noos;Porseleinkaart van drukkerij Louis Noos, gevestigd in de Rue St. Jacques 26 te Brugge. Gedrukt door Le Lay.;1841;1865;De Lay;fabrikant;""
D09585;Industriemuseum;porseleinkaart;Visitekaart van drukker Dullé Plus;Porseleinkaart van de drukkerij van de F.L. Dullé Plus te Gent.;"";"";onbekend;"";""
D09586;Industriemuseum;porseleinkaart;Visitekaart van lithograaf Defferrez;Porseleinkaart van lithograaf L. Defferrez te Gent.;"";"";onbekend;"";""
F00274-002;Industriemuseum;glasplaat;Binnenzicht van machinezaal textielfabriek Alsberge-Van Oost in Gent;Stoommachine in de machinekamer van textielveredelingsbedrijf Alsberge-Van Oost nv, gelegen aan de Drongensesteenweg in Gent. De driecilinderstoommachine van 1913 is gebouwd door machinebouwer Van den Kerchove in Gent. De stoommachine is een combinatie van een monocilinder en tandem. Via een drijfriem verbonden met een elektrische installatie.;"";"";onbekend;"";""
V09500;Industriemuseum;doos;Doos voor zeep, parfum of handschoenen;Een doos gemaakt in opdracht van de firma J.G. Mouson & Cie in Frankfurt, producent van parfum en zeep. Mouson bracht ook een zwarte bakelieten doos op de markt met de afbeelding van een postkoets. De afbeelding van de postkoets wordt in verband gebracht met de lavendel producten van het merk, die rond 1933 voor het eerst op de markt komen.;1930;1940;onbekend;"";""
V09502;Industriemuseum;doos;Rechthoekige doos voor speelkaarten;Speelkaartendoos met twee compartimenten en uitschuifbaar deksel. Dekselversiering verwijst naar het kaartspel: harten, klaveren, ruiten en schoppen.;1930;1940;onbekend;"";""
V09503;Industriemuseum;doos;Rechthoekige doos met twee scharnierende delen;Er is geen specifieke functie voor deze doos teruggevonden. Maar ze kan gebruikt zijn voor het wegbergen van naaigrief, kantoorbenodigdheden of onderdelen van een gezelschapsspel zoals kaarten of speelchips.;1930;1940;onbekend;"";""
V09504;Industriemuseum;doos;Rechthoekige doos met twee scharnierende delen;Er is geen specifieke functie voor deze doos teruggevonden. Maar ze kan gebruikt zijn voor het wegbergen van naaigrief, kantoorbenodigdheden of onderdelen van een gezelschapsspel zoals kaarten of speelchips.;1930;1940;onbekend;"";""
V09505;Industriemuseum;doos;Rechthoekige doos met twee scharnierende delen;Er is geen specifieke functie voor deze doos teruggevonden. Maar ze kan gebruikt zijn voor het wegbergen van naaigrief, kantoorbenodigdheden of onderdelen van een gezelschapsspel zoals kaarten of speelchips.;1930;1940;onbekend;"";""
V09516;Industriemuseum;speelgoed;Vijfdelig salon voor een poppenhuis;"";1930;1940;onbekend;"";België
V09519;Industriemuseum;drinkbeker;Ronde drinkbeker;"";1930;1940;onbekend;"";""
V09518;Industriemuseum;doos;Ronde theedoos met schroefdeksel;In art deco stijl.;1930;1940;onbekend;"";""
V09521;Industriemuseum;schaal;Schaal met afschroefbare voet;"";1930;1940;onbekend;"";""
V09522;Industriemuseum;vruchtenpers;Handfruitpers of citruspers in bakeliet;"";1930;1940;onbekend;"";""
V09523;Industriemuseum;stikmachine;Manueel stikapparaat;Apparaat om te stikken. Met drie reservenaalden, zoommeter en geïllustreerde Duitse handleiding. Bewaard in originele kartonnen doos.;1940;1950;onbekend;"";""
V09524;Industriemuseum;appelboor;Appelboor en schiller met bakelieten handgreep;"";1930;1950;onbekend;"";Lancashire
V09550;Industriemuseum;scheerkom;Scheerbol of zeepkom;Kom om scheerborstel in af te spoelen.;1930;1940;onbekend;"";""
V09551;Industriemuseum;scheermes;Scheermes en twee ronde dozen;Scheermes met vlindersluiting en twee busjes met afschroefbare verchroomde bakelieten deksels, voor talkpoeder en zeep. Bewaard in etui uit bruin kunstleder.;1930;1940;onbekend;"";Groot-Brittannië
V09552;Industriemuseum;zeepdoos;Rechthoekige zeepdoos met afneembaar deksel;"";1930;1940;onbekend;"";""
V09556;Industriemuseum;sigarettendoos;Rechthoekige uitschuifbare doos voor sigaretten;Doos in bakeliet om sigaretten in op te bergen.;1945;1950;onbekend;"";""
V09557;Industriemuseum;sigarettendoos;Licht gebogen rechthoekige doos voor sigaretten;Doos in bakeliet om sigaretten in op te bergen met schuifsysteem aan onderkant.;1930;1940;onbekend;"";""
V09558;Industriemuseum;sigarenkoker;Licht gebogen rechthoekige sigarendoos;Scharnierende doos om vijf sigaren in op te bergen.;1930;1940;onbekend;"";""
V09559;Industriemuseum;sigarenkoker;Rechthoekige sigarendoos met afneembaar deksel;Doos met afgeronde hoeken om vier sigaren in op te bergen.;1930;1940;onbekend;"";""
V09560;Industriemuseum;tabakspot;Ronde pot met afneembaar deksel om tabak in te bewaren;"";1930;1940;onbekend;"";""
V09561;Industriemuseum;tabakspot;Ronde pot met schroefdeksel om tabak in te bewaren;"";1930;1940;onbekend;"";Groot-Brittannië
V09565;Industriemuseum;sigarettendoos;Rond klokvormig deksel van een sigarettendoos;Deksel in koper van een doos om sigaretten in op te bergen.;1930;1940;onbekend;"";""
V09569;Industriemuseum;aansteker;Ronde aansteker met afneembare deksel;Aansteker op gas van metaal in behuizing van bakeliet.;1930;1940;onbekend;"";""
V09572;Industriemuseum;zaklamp;Staafzaklamp;Cilindervormige zaklamp in bakeliet zonder merk. Werkt op batterijen.;1930;1940;onbekend;"";""
V09574;Industriemuseum;zaklamp;Staafzaklamp met verstelbare kop;Cilindervormige zaklamp in metaal en bakeliet zonder merk. Werkt op batterijen.;1930;1940;onbekend;"";""
V09576;Industriemuseum;lamphouder;Lamphouder met knijper voor elektrische leeslamp;"Houder in bruine bakeliet voor een elektrische lamp met E15 schroeffitting. Met ingebouwde schuifschakelaar en snoer met niet geaarde stekker.
Technisch: 250V - 6A.";1930;1940;onbekend;"";""
V09579;Industriemuseum;looplamp;Elektrische looplamp met beschermkooi;Handvat in bakeliet en de metalen beschermkooi is voorzien van een haak om de lamp op te hangen. Met turkooisblauw glazen stolp en voor een gloeilamp met E27 schroeffitting.;1930;1940;onbekend;"";""
V09583;Industriemuseum;inktpot;Hoedvormige inktpot;Inktpot of pen-standaard om in een schoolbank te plaatsen.;1930;1940;onbekend;"";""
V09584;Industriemuseum;inktpot;Klokvormige inktpot met afneembaar deksel;"";1930;1940;onbekend;"";""
V09586;Industriemuseum;inktstel;Inktstel met reclame voor likeurstokkerij Bruggeman;"Standaard voor ronde inktpotten en schrijfgerei. Met reclame voor ""Bruggeman wijnen en likeuren Gent"".";1945;1950;onbekend;"";België
V09594;Industriemuseum;pennendoos;Vierkant pennendoosje met afneembaar deksel;"";1930;1940;onbekend;"";""
V09601;Industriemuseum;inktpot;Ronde inktpot met schroefdeksel;Inktpot met schroefdeksel voorzien van een gleuven om een pen in te leggen. Handgeschreven inscriptie op de zijkant van de grafietpen: Albert Cardon.;1930;1940;onbekend;"";België
V09606;Industriemuseum;vloeiblok;Vloeirolhouder;Bakelieten houder met een rol vloeipapier.;1930;1940;onbekend;"";""
V09607;Industriemuseum;vloeiblok;Vloeirolhouder;Bakelieten houder met een rol vloeipapier.;1930;1940;onbekend;"";""
V09617;Industriemuseum;postzegelbevochtiger;Reservoir met verwijderbare rol om postzegels te plakken;"";1930;1940;onbekend;"";""
V09618;Industriemuseum;schep;Schepje om in de keuken te gebruiken;"";1930;1940;onbekend;"";""
V09631;Industriemuseum;eierdopje;Eivormige eierdop met schroefdeksel;Eivormige dozen die een ei kunnen bevatten. Losgeschroeft kunnen de twee delen op elkaar worden gezet om een eierdopje te vormen.;1930;1940;onbekend;"";""
V09625;Industriemuseum;servies;Servies;Kampeerservies in art deco stijl, bestaande uit twee tassen, twee ondertassen en twee borden.;1930;1940;onbekend;"";""
V09628;Industriemuseum;eierdopje;Eierdop op voet;"";1930;1940;onbekend;"";""
V09626;Industriemuseum;eierdopje;Eierdop op voet;"";1930;1940;onbekend;"";""
V09632;Industriemuseum;peperbus;Piramidevormige pepervat met afschroefbare bodem;Pepervat met veerbaar mechanisme om de gemalen peper te verdelen.;1930;1940;onbekend;"";""
V09634;Industriemuseum;eierdopje;Eierdop;"";1930;1940;onbekend;"";Groot-Brittannië
V09635;Industriemuseum;eierdopje;Eierdop;"";1930;1940;onbekend;"";""
V09636;Industriemuseum;zoutvaatje;Rond zoutvat met afschroefbare bodem;Vermoedelijk van het merk AB Ware.;1930;1940;onbekend;"";""
V09639;Industriemuseum;zoutvaatje;Rond zoutvat met schroefdeksel;"";1930;1940;onbekend;"";""
V09641;Industriemuseum;doos;Ronde doos met schroefdeksel;"";1930;1940;onbekend;"";""
V09642;Industriemuseum;schaal;Schaal met zonnestraalmotief in reliëf;Waarschijlijk een onderzet voor een bloempot.;1930;1940;onbekend;"";""
V09643;Industriemuseum;doos;Geribbeld conisch reservoir met zuignap;Deksel ontbreekt vermoedelijk.;1930;1940;onbekend;"";""
V09644;Industriemuseum;seinsleutel;Seinsleutel voor een telegraaf;"";1935;1940;onbekend;"";""
V09646;Industriemuseum;rolmeter;Rolmeter;Lintmeter met metalen lint in behuizing van bakeliet. Met reclame voor Louis Breemersch.;1930;1940;onbekend;"";België
V09647;Industriemuseum;rolmeter;Rolmeter;Lintmeter met metalen lint in behuizing van bakeliet.;1930;1940;onbekend;"";België
V09648;Industriemuseum;rolmeter;Rolmeter;Lintmeter met metalen lint in behuizing van bakeliet, met reclame voor kleefband van Ready Ant. J. Roose.;1930;1940;onbekend;"";België
V09649;Industriemuseum;doos;Ronde doos met schroefdeksel;Doos met afbeelding van de Onze-Lieve-Vrouw van Oostacker Lourdes.;1935;1950;onbekend;"";België
V09650;Industriemuseum;pillendoos;Pillendoos voor pastillen tegen hoesten;Rechthoekige doos met afgeronde hoeken en afneembaar deksel. Gevuld met zeventachtig penpunten in metaal en kunststof.;1930;1940;onbekend;"";België
V09652;Industriemuseum;stroomschakelaar;Snoerschakelaar zonder merk;Ronde lichtschakelaar in bruine bakeliet met 4 standen.;1950;"";onbekend;"";""
V09654;Industriemuseum;gesp;Kunststof gesp uit twee delen in de vorm van bokshandschoenen;"";1930;1940;onbekend;"";""
V09655;Industriemuseum;gesp;Kunststof gesp uit twee delen in de vorm diamenten;"";1930;1940;onbekend;"";""
V09656;Industriemuseum;gesp;Kunststof gesp in de vorm van een vlag;"";1930;1940;onbekend;"";""
V09657;Industriemuseum;castagnette;Set castagnetten;.;1930;1940;onbekend;"";""
V09658;Industriemuseum;onbekend;Schijfvormig object in twee delen met gaten aan weerszijden;"";1930;1940;onbekend;"";""
V09659;Industriemuseum;pot;Kleine ronde pot zonder deksel;"";1930;1940;onbekend;"";""
V09661;Industriemuseum;naaldenkoker;Bakelieten koker om naainaalden in te bewaren;"";1930;1940;onbekend;"";""
V09668;Industriemuseum;aansteker;Rechthoekige aansteker met afneembaar deksel;Aansteker op gas in metaal en bruine bakeliet met motieven in art deco stijl.;1930;1940;onbekend;"";""
V09670;Industriemuseum;stroomschakelaar;Onderdeel van een drukschakelaar;"";1930;1940;onbekend;"";""
V09671;Industriemuseum;labelhouder;Labelhouders;Kadertje om label achter te plaatsen vermoedelijk afkomstig van archiefkast.;1930;1940;onbekend;"";""
V09673;Industriemuseum;doos;Rechthoekige doos om koperen buisjes in te bewaren;Doos met schaalindeling bestaande uit een deksel en twee in elkaar passende dozen om koperen buisjes voor tandverzorging  in te bewaren en te verdelen volgens grootte.;1930;1940;onbekend;"";""
V09677;Industriemuseum;asbak;Rechthoekige asbakjes;Vijf losse schaaltjes in zwarte bakeliet met twee uitsparingen, die elk een individuele asbak zijn.;1930;1940;onbekend;"";""
V09678;Industriemuseum;pillendoos;Ronde pillendoos met schroefdeksel;"";1930;1940;onbekend;"";""
V09679;Industriemuseum;pillendoos;Ronde pillendoos met schroefdeksel;"";1930;1940;onbekend;"";""
V09686;Industriemuseum;rolmeter;Rolmeter;Lintmeter met metalen lint in ronde behuizing in art deco stijl.;1930;1940;onbekend;"";""
V09702;Industriemuseum;kom;Achthoekige kom op ronde voet;"";1930;1940;onbekend;"";""
V09703;Industriemuseum;kom;Ronde kom met decoratief patroon op de rand;"";1930;1940;onbekend;"";Groot-Brittannië
V09706;Industriemuseum;schaal;Ovalen schaal;"";1930;1940;onbekend;"";""
V09708;Industriemuseum;toerenteller;Toerenteller;Resetbare toerenteller men twee losse stiften. Bewaard in met leder overtrokken kartonnen doosje.;1930;1940;onbekend;"";""
V09718;Industriemuseum;doos;Ronde doos van het merk Ebena;Doos met afneembaar deksel met bloemenmotief van het merk Ebena. Binnenkant van de doos in paars-rode gemarmerd.;1924;1931;Ebena;fabrikant;België
V09719;Industriemuseum;doos;Ronde doos met glazen binnenkant en schroefdeksel;Waarschijnlijk een zeepdoos.;1930;1940;onbekend;"";""
V09714;Industriemuseum;doos;Ronde doos met afneembaar deksel van het merk Ebena;Ronde sierdoos met kwast in groene metaaldraad op het deksel. Binnenkant in blauw, gemarmerd effect en verguld. Typische doos van de Antwerpse producent Ebena, gemaakt tussen 1924 en 1931.;1924;1931;Ebena;fabrikant;Antwerpen
V09717;Industriemuseum;doos;Ronde doos met afneembaar deksel;"";1930;1940;onbekend;"";""
V09722;Industriemuseum;zeepdoos;Ronde doos met schroefdeksel voor scheerzeep;"";1930;1940;onbekend;"";""
V09724;Industriemuseum;zeepdoos;Ronde doos met schroefdeksel voor scheerzeep;"";1930;1940;onbekend;"";""
V09725;Industriemuseum;zeepdoos;Ronde doos met schroefdeksel voor scheerzeep;"";1930;1940;onbekend;"";""
V09727;Industriemuseum;scheermes;Scheermes met vlindersluiting in rechthoekige scharnierende doos;"";1930;1940;onbekend;"";Duitsland
V09728;Industriemuseum;doos;Ronde doos met schroefdeksel;"Bevat zes zegels van het veiligheidsmuseum (Amsterdam en Provincie Antwerpen) met als titels: ""verwijder dadelijk de nagels 't kan u een been kosten"", ""vergeet nooit uw veiligheidsbril"", ""wees voorzichtig op het werk"", ""uw veiligheid is in uw handen"", ""'t gaat niet 't gaat niet"" en ""geen vlammetje bij het zoeken van een gaslek maar zeepsop"".";1930;1940;onbekend;"";""
V09729;Industriemuseum;doos;Ronde doos met schroefdeksel;"";1930;1940;onbekend;"";""
V09730;Industriemuseum;"doos;toetssteen";Rechthoekige doos met afgeronde hoeken en afneembaar deksel;Bevat twee glazen flesjes met afneembare dop en twee toetsstenen om goud te testen.;1930;1940;onbekend;"";Parijs
V09731;Industriemuseum;drinkbeker;Ronde beker;"";1930;1940;onbekend;"";""
V09735;Industriemuseum;lamp;Paddenstoelvormige (nacht)lamp met voet en verstelbare hoed;Kleine lamp in bakeliet met lamphouder in witte porselein en voorzien van gloeilamp met E14 schroeffiting. De hoed zet vast met 2 klemmen op de ballon van de gloeilamp. Met niet geaarde stekker.;1930;1940;onbekend;"";""
V09744;Industriemuseum;ontwikkeltank;Open doos met taps toelopend schroefdeksel;Doos open aan de boven- en onderkant. Mogelijk een ontwikkeltank voor fotonegatieven.;1930;1940;onbekend;"";België
V09746;Industriemuseum;deurklink;Dubbele deurklink;"";1930;1940;onbekend;"";""
V09750;Industriemuseum;asbak;Ronde asbak verspreid als reclame voor Michelin;Asbak in bruine bakeliet met twee uitsparingen, verspreid als reclame voor Michelin.;1945;1950;onbekend;"";""
V09751;Industriemuseum;asbak;Ronde asbak verspreid als reclame voor Michelin;Asbak in bruine bakeliet met twee uitsparingen, verspreid als reclame voor Michelin.;1945;1950;onbekend;"";""
V09753;Industriemuseum;asbak;Bolvormige asbak verspreid als reclame voor rookwaren van het merk Hudson;Asbak in bruine bakeliet met vier uitsparingen en verdraaibaar aspotje met schroefdeksel, verspreid als reclame voor sigaren van het merk Hudson Sigarenfabrieken nv in Roosendaal.;1930;1950;onbekend;"";""
V09755;Industriemuseum;asbak;Ronde asbak verspreid als reclame voor het merk Condor;Asbak in zwarte bakeliet met met vier uitsparingen en staat op vier pootjes, verspreid als reclame voor het merk Condor-Werke. Producent van elektromotoren en schakelapparatuur.;1930;1940;onbekend;"";""
V09756;Industriemuseum;asbak;Ronde asbak;Asbak in donkergrijze bakeliet met drie uitsparingen en houder voor een luciferdoosje.;1930;1940;onbekend;"";""
V09757;Industriemuseum;asbak;Rechthoekige asbak met afgeronde hoeken;Asbak in bruine bakeliet met twee uitsparingen voor sigaretten, één voor sigaren en één voor een pijp;1930;1940;onbekend;"";""
V09758;Industriemuseum;asbak;Rechthoekige asbak met afgeronde hoeken;Asbak in zwarte bakeliet met vier uitsparingen voor sigaren.;1930;1940;onbekend;"";""
V09759;Industriemuseum;asbak;Niervormige asbak verspreid als reclame voor brouwerij Meiresonne;Asbak in bruine bakeliet met twee uitsparingen, verspreid als reclame voor brouwerij Meiresonne en de bieren Celta en Goliath.;1930;1940;onbekend;"";""
V09760;Industriemuseum;asbak;Rechthoekige asbak verspreid als reclame voor rookwaren van Nicoleto Princeps;Asbak in groen-bruine bakeliet met twee uitsparingen, verspreid als reclame voor tabak en sigaren van het merk  s.a. Nicoleto Princeps nv in Antwerpen.;1946;1950;onbekend;"";""
V09762;Industriemuseum;asbak;Hoefijzervormige asbak verspreid als reclame voor stokerij Rubbens;Asbak in groen-zwarte bakeliet met drie uitsparingen, verspreid als reclame voor likeurstokerij-distellerie Rubbens in Zele.;1930;1940;onbekend;"";""
V09764;Industriemuseum;dienblad;Rond dienblad;"";1930;1940;onbekend;"";""
V09765;Industriemuseum;asbak;Ronde asbak met schroefdeksel;Asbak in bruine bakeliet met drie uitsparingen.;1930;1940;onbekend;"";""
V09767;Industriemuseum;asbak;Ronde asbak verspreid als reclame voor brouwerij Meiresonne;Asbak in bruine bakeliet met drie uitsparingen, verspreid als reclame voor brouwerij Meiresonne en de bieren Celta en Goliath.;1930;1950;onbekend;"";""
V09768;Industriemuseum;asbak;Hoefijzervormige asbak verspreid als reclame voor ijzerwaren Faveere;Asbak in zwart-rode bakeliet met twee uitsparingen en decoratieve guirlande, verspreid als reclame voor ijzerwarenhandel J. & C. Faveere in Waregem.;1930;1950;onbekend;"";""
V09770;Industriemuseum;asbak;Ronde asbak met conische vorm in het midden;Asbak in zwarte bakeliet waarvan het bovenste deel ontbreekt.;1930;1940;onbekend;"";België
V09771;Industriemuseum;eierdopje;Eierdop met ronde rand;"";1930;1940;onbekend;"";België
V09775;Industriemuseum;kom;Ronde kom;"";1930;1940;onbekend;"";""
V09777;Industriemuseum;sigarettendoos;Ronde sigarettenhouder;Sigarettenhouder voor twintig sigaretten met in het midden een cilindervormige uitsparing voor lucifers.;1930;1940;onbekend;"";""
V09805;Industriemuseum;zoeker;Zoeker van fototoestel;"";1930;1940;onbekend;"";Tsjechoslowakije
V20833;Industriemuseum;gloeilamp;Gloeilamp van het merk LEB;"Elektrische lamp met schroeffitting en heldere ballon in glas (conisch en gepunt) van het merk Lampes Électriques Belges (LEB), type E27. Bewaard in originele verpakking van golfkarton en papier.
Technisch: 55V.";"";"";LEB (Lampes Électriques Belges);fabrikant;Lessen
V20826;Industriemuseum;gloeilamp;Gloeilamp van het merk LEB;"Elektrische lamp met bajonetfitting en heldere ballon in glas (globe op steel en gepunt) van het merk Lampes Électriques Belges (LEB), type B22. Bewaard in originele verpakking van golfkarton en papier.
Technisch: 200V - 40W.";"";"";LEB (Lampes Électriques Belges);fabrikant;Lessen
V09812;Industriemuseum;klok (uurwerk);Mechanische tafelklok;"";1930;1940;onbekend;"";""
V09813;Industriemuseum;klok (uurwerk);Mechanisch tafelklok;"Voorzien van een gegraveerde tekst: ""U.C.I. St Josse-ten-Noode Reconnaissance à radio-Schaerbeek le 22-7bre 1934"".";1934;"";onbekend;"";""
V09815;Industriemuseum;telefoonhoorn;Telefoonhoorn;"";1930;1940;onbekend;"";Groot-Brittannië
V09818;Industriemuseum;seinsleutel;Seinsleutel voor een telegraaf;"";1930;1940;onbekend;"";""
V09822;Industriemuseum;telefoon;Telefoontoestel met handgenerator;Dit soort telefoontoestellen werd gebruikt bij de overschaking van manuele naar automatische telefooncentrales. Het ontwerp van het toestel voorziet de ruimte voor een ronde kiesschijf. De kiesschijf zelf werd niet geïnstalleerd. Dit doet vermoeden dat het toestel nog was aangesloten op een manuele telefooncentrale. De eigenaar moest dus nog aan de slinger of inductor aan de zijkant van het toestel draaien om in conctact te komen met de operatorvan de centrale, die de juiste verbinding manueel tot stand bracht.;1950;"";onbekend;"";""
V09829;Industriemuseum;boekensteun;Boekensteun;Demonteerbare boekensteun verdeeld door de Educational Book Company (EBCO), naar ontwerp van Frank E. Middleditch.;1936;1937;onbekend;"";""
V09835;Industriemuseum;lamp;Carbuurlamp;"Carbuurlamp gebruikt door het Duitse leger tijdens de Tweede Wereldoorlog en gekend onder de benaming ""Einheitslaterne"". Handgreep ontbreekt.";1930;1940;onbekend;"";""
V09847;Industriemuseum;dwarsfluit;Dwarsfluit;"";1930;1950;onbekend;"";""
V09865;Industriemuseum;luidspreker;Elektromagnetische luidspreker om aan de muur te hangen;"";1945;1950;onbekend;"";""
V20898;Industriemuseum;gloeilamp;Gloeilamp van het merk LEB;"Elektrische lamp met schroeffitting en heldere/matte ballon in glas (peer en gepunt) van het merk Lampes Électriques Belges (LEB), type Astra E27.
Technisch: 225V - 75W.";"";"";LEB (Lampes Électriques Belges);fabrikant;Lessen
V21139;Industriemuseum;"olielamp;weverslamp";Smeedijzeren olie- of weverslamp;Deze olielamp met open reservoir is voorzien van vijf gleuven, nepen (of bekken) waar een wiek in past. Iedere wiek wordt aangestoken. De brandstof bestaat uit vloeibare plantaardige of dierlijke olie. Dergelijke lampen worden vaak aangeduid als weverslamp, maar dit type werd veel gebruikt door alle soorten ambachtslui. Door de lamp aan een zaaghaal te hangen, kan de weinige verlichting die ze geeft, dichter of verder van het werkstuk worden geplaatst. Deze olielampen geven veel rook af en hebben afhankelijk van de gebruikte olie, soms  een doordringende geur. Ze werden tot de tweede helft van de 19de eeuw gebruikt.;1700;1800;onbekend;"";""
V21140;Industriemuseum;"olielamp;weverslamp";Smeedijzeren olie- of weverslamp;Deze olielamp met open reservoir is voorzien van vijf gleuven, nepen (of bekken) waar een wiek in past. Iedere wiek wordt aangestoken. De brandstof bestaat uit vloeibare plantaardige of dierlijke olie. Dergelijke lampen worden vaak aangeduid als weverslamp, maar dit type werd veel gebruikt door alle soorten ambachtslui. Door de lamp aan een zaaghaal te hangen, kan de weinige verlichting die ze geeft, dichter of verder van het werkstuk worden geplaatst. Deze olielampen geven veel rook af en hebben afhankelijk van de gebruikte olie, soms  een doordringende geur. Ze werden tot de tweede helft van de 19de eeuw gebruikt.;1700;1800;onbekend;"";""
V09882;Industriemuseum;drukblok;Drukblok in hout voor textiel met florale motieven;"";1880;1900;onbekend;"";""
V21198;Industriemuseum;gloeilamp;Gloeilamp van het merk LEB;"Elektrische lamp met schroeffitting en heldere ballon in glas (conisch en gepunt) van het merk Lampes Électriques Belges (LEB), type E27. Bewaard in originele verpakking van golfkarton en papier.
Technisch: 55V.";1920;1926;LEB (Lampes Électriques Belges);fabrikant;Lessen
RE00012;Industriemuseum;advertentie;Reclame voor kachel en kookpotten van het merk Dru;"Advertentie voor kachel van het type hollandais (Dru Jaarsma) en kookpotten van het merk Dru. Verdeeld door Etablissements Blondel te Parijs.
Slogan: La marque universellement connue et appréciée.";1950;1950;"";"";""
RE00013;Industriemuseum;advertentie;Reclame voor fornuis van het merk Arthur Martin;"Advertentie voor elektrisch fornuis met 3 kookplaten, oven en lade om potten op te bergen. Van het merk Arthur Martin, type P 383.
Slogan: La cuisine électrique est un jeu d'enfant.";1949;1949;"";"";""
RE00042;Industriemuseum;advertentie;Reclame voor kachels van het merk La Couvinoise;Advertentie voor verschillende types van kookhaarden (feu continu) en gaskachels in gietijzer, geëmailleerd, vernikkeld of gechromeerd van het merk La Couvinoise te Couvin.;1950;1950;"";"";""
RE00043;Industriemuseum;advertentie;Reclame voor metaalbewerkingsbedrijf De Saegher & Detemmerman;Advertentie van het bedrijf A. De Saegher & Detemmerman, Fonderies et émailleries d'Audenarde, waarin ze de artikelen opsommen die ze produceren. Bijvoorbeeld: keuken- en verwarmingstoestellen van het type Dedea (op steenkool, gas of elektriciteit), geëmaillerde gietijzeren potten van het type Eureka en Eureka-Elec (speciaal voor op elektrisch fornuis).;1950;1950;"";"";""
RE00044;Industriemuseum;advertentie;Reclame voor metaalbewerkingsbedrijf Lallemand;Advertentie van het bedrijf Les Fonderies Lallemand met als specialiteit kachels van het merk Alba.;1950;1950;"";"";""
RE00045;Industriemuseum;advertentie;Reclame voor artikelen van het merk Fobrux;"Advertentie voor kachel (type Diana, n° 519 R); kookhaard (feu continu, type n° 4839); gasfornuis (type n° 1879) en gasradiator (Radiogaz type Ardus n° 588-8). Geproduceerd door Les Fonderies Bruxelloises (Fobrux) te Haren.
Slogan: La meilleure fabrication belge.";1950;1950;"";"";""
RE00046;Industriemuseum;advertentie;Reclame voor artikelen van het merk Fopona;"Advertentie voor fornuizen op steenkool en gas, radiatoren op gas (Calogaz) en sanitaire voorzieningen in geëmailleerd gietijzer. Geproduceerd door Les Fonderies et Poêleries Nationales (Fopona) te Haren. De klemtoon wordt gelegd op de onverwoestbaarheid van de emaillaag (Roc-email indestructible, brevet Belge n° 388.313 en Polytone U.S.A.).
Slogan: Les foyers et cuisinières Fopona sont à l'avant-garde du progrès.";1950;1950;"";"";""
RE00047;Industriemuseum;advertentie;Reclame voor kachel van het merk Sama;Advertentie voor kachels voor industrieel gebruik en voor grote ruimtes (ateliers, hallen, garages, kerken). Geproduceerd door Fonderies Sama te Hoboken.;1950;1950;"";"";""
RE00048;Industriemuseum;advertentie;Reclame voor metaalbewerkingsbedrijf Phenix Works;Advertentie voor het bedrijf Phenix Works. Het bedrijf maakt onder andere gegalvaniseerde en geëmailleerde huishoudelijke artikelen in plaatmetaal.;1934;1934;"";"";""
RE00049;Industriemuseum;advertentie;Reclame voor metaalbewerkingsbedrijf Emaillerie du Brabant;Advertentie voor vuilnisemmer met pedaal. Van het merk Cleanex. Geproduceerd door Emaillerie du Brabant.;1937;1937;"";"";""
RE00050;Industriemuseum;advertentie;Reclame voor artikelen van metaalbewerkingsbedrijf  Laminoirs de Thiméon;"Advertentie voor verschillende geëmailleerde huishoudelijke artikelen en merken: Cneb, Ultra, LGT, AS. Geproduceerd door Laminoirs de Thiméon. 
Slogan: La plus forte production. La meilleure qualité.";1937;1937;"";"";""
RE00059;Industriemuseum;advertentie;Reclame voor fornuis van het merk Surdiac;"Advertentie voor fornuis met 4 kookplaten en oven. Van het merk Surdiac, type Hécla. Bestaat in een versie op gas en een versie op steenkool.
Slogan: La perle des cuisinières.";1936;1936;"";"";""
D05458-002;Industriemuseum;porseleinkaart;Reclamekaart van Delandtsheer-Duez;Reclamekaart voor onder andere kerkornamenten, keukenartikelen, lusters, kandelaars en andere verlichtingsartikelen.;1840;1860;"Gyselynck F. & E.;De Landtsheer-Duez";"lithograaf;adverteerder";"Gent;"
V10052;Industriemuseum;stoommachine;Compound balansstoommachine;Compound balansstoommachine in neo-gotisch stijl. De balanshefboom of schommelboom bovenaan is verbonden met zuigerstangen die de zuigers in de compound cylinders geleiden. Aan het andere einde van de belansboom zet een krukas de op-en-neerwaardse beweging om in rotatie. Centraal onder de schommelboom staat een regulator of  “bollen van Watt”.;1840;"";onbekend;"";""
V10214;Industriemuseum;lantaarn;Lichtkooi van gaslantaarn voor openbare verlichting;Vierkante lantaarn voor straatverlichting op gas. Aan 1 zijde voorzien van een deurtje. Het bevestigingssysteem voor hangende gloeikousjes ontbreekt. Oorspronkelijk op een lantaarnpaal bevestigd.;1900;"";onbekend;"";""
V13205-002;Industriemuseum;kachel;Voorzetstuk voor gaskachel;Voorzetstuk in art-nouveaustijl.;"";"";onbekend;"";""
AF01835-086;Industriemuseum;affiche;Reclameaffiche voor azijn van het merk L'Etoile;Affiche met reclame voor voor azijn van het merk L'Etoile geproduceerd door de Grande Vinaigrerie Nationale SA in Brussel. Gedrukt door Aug. Bénard in Luik.;"";"";Bénard Aug.;lithograaf;Luik (stad)
V20828;Industriemuseum;gloeilamp;Gloeilamp van het merk LEB;"Elektrische lamp met schroeffitting en heldere ballon in glas (conisch en gepunt) van het merk Lampes Électriques Belges (LEB), type E27. Bewaard in originele verpakking van golfkarton en papier.
Technisch: 55V.";1920;1926;LEB (Lampes Électriques Belges);fabrikant;Lessen
V35203;Industriemuseum;gasgloeilichtbrander;Luchter met gasbrander voor rechtopstaand gloeikousje;Decoratieve brander in messing voor gasverlichting. Bloemvormige lampenkap in semitransparant geel glas  en transparante stroken.;1905;"";onbekend;"";""
V35180;Industriemuseum;gasgloeilichtbrander;Wandlamp met gasbrander voor rechtopstaand gloeikousje;Armatuur met een brander in messing voor gasverlichting volgens het systeem Auer. Peervormig lampenglas met aan de onderzijde 6 gaten voor zuurstoftoevoer. Met aparte rookvanger.;1900;"";onbekend;"";""
V35177;Industriemuseum;gasgloeilichtbrander;Luchter met gasbrander voor rechtopstaand gloeikousje;Decoratieve brander in messing voor gasverlichting. Bloemknopvormig lampenkap in semitransparant glas met kleurgradiënt van groen naar kleurloos.;1905;"";onbekend;"";""
V35211;Industriemuseum;gasgloeilichtbrander;Luchter met gasbrander voor hangend gloeikousje;Invertbrander voor gasverlichting in wit geëmailleerd metaal versierd met goudkleurige biezen. Aan de bovenzijde een kraantje om de gastoevoer te regelen. Met lampenkap in transparant kleurloos glas.;1910;"";onbekend;"";""
V35213;Industriemuseum;gasgloeilichtbrander;Luchter met gasbrander voor hangend gloeikousje;Invertbrander voor gasverlichting in beige geëmailleerd metaal versierd met goudkleurige biezen. Aan de bovenzijde een schroef om de gastoevoer te regelen en een hendeltje om de zuurstoftoevoer te regelen. Met lampenkap in semitransparant mat glas.;1910;"";onbekend;"";""
V35189;Industriemuseum;gasgloeilichtbrander;Gasbrander voor rechtopstaand gloeikousje;Brander in messing voor gasverlichting. Aan de basis van de brander een kraantje om de gastoevoer te regelen en juist onder de brander regelbare openingen om de zuurstoftoevoer te regelen.;1905;"";onbekend;"";""
V35230;Industriemuseum;gloeilamp;Gloeilamp van het merk LEB;"Elektrische lamp met schroeffitting en heldere ballon in glas (conisch en gepunt) van het merk Lampes Électriques Belges (LEB), type E27. Bewaard in originele verpakking van golfkarton en papier.
Technisch: 55V.";1920;1926;LEB (Lampes Électriques Belges);fabrikant;Lessen
AF01872;Industriemuseum;affiche;Reclameaffiche voor gasverwarming;Affiche met reclame voor gasverwarming. Naar een ontwerp van Emile Dupuis en gedrukt door Aug. Bénard in Luik.;"";"";"Dupuis, Emile;Bénard Aug.";"ontwerper;drukker";"Frankrijk;Luik (stad)"
V35231;Industriemuseum;gloeilamp;Gloeilamp van het merk LEB;"Elektrische lamp met schroeffitting en heldere ballon in glas (conisch en gepunt) van het merk Lampes Électriques Belges (LEB), type E27.
Technisch: 110V - 50W.";"";"";LEB (Lampes Électriques Belges);fabrikant;Lessen
V12040-122;Industriemuseum;spoel;Spoel voor garen van op een ringspinmachine of spincontinu;Conische spoel in karton aan de onderkant en bovenkant verstevigd met een metalen ring. Gebruikt door SAT in 1945.;1945;"";onbekend;"";""
V12040-121;Industriemuseum;spoel;Spoel voor garen van op een ringspinmachine of spincontinu;Conische spoel in karton aan de onderkant en bovenkant verstevigd met een metalen ring. Gebruikt door SAT in 1947.;1947;"";onbekend;"";""
V12040-139;Industriemuseum;spoel;Spoel voor garen van op een ringspinmachine of spincontinu;Conische spoel in karton aan de onderkant en bovenkant verstevigd met een metalen ring. Gebruikt door SAT in 1946.;1946;"";onbekend;"";""
V12040-123;Industriemuseum;spoel;Spoel voor garen van op een ringspinmachine of spincontinu;Conische spoel in karton aan de onderkant en bovenkant verstevigd met een metalen ring. Gebruikt door SAT in 1946.;1946;"";onbekend;"";""
V12040-106;Industriemuseum;spoel;Spoel voor garen van op een ringspinmachine of spincontinu;Conische spoel in karton aan de onderkant en bovenkant verstevigd met een metalen ring. Gebruikt door SAT in 1947.;1947;"";onbekend;"";""
V12040-165;Industriemuseum;spoel;Spoel voor garen van op een ringspinmachine of spincontinu;Conische spoel in karton aan de onderkant en bovenkant verstevigd met een metalen ring. Gebruikt door SAT in 1947.;1947;"";onbekend;"";""
V12040-062;Industriemuseum;spoel;Spoel voor garen van op een ringspinmachine of spincontinu;Conische spoel in karton. Gebruikt door CNO in 1939.;1939;"";onbekend;"";""
V12040-085;Industriemuseum;spoel;Spoel voor garen van op een ringspinmachine of spincontinu;Conische spoel in karton. Gebruikt door CBG in 1935.;1935;"";onbekend;"";""
V12040-034;Industriemuseum;spoel;Spoel voor garen van op een ringspinmachine of spincontinu;Conische spoel in karton. Gebruikt door UC3 in 1947.;1947;"";onbekend;"";""
V12043-067;Industriemuseum;spoel;Spoel voor garen van op een ringspinmachine of spincontinu;Conische spoel in karton. Gebruikt door UCB in 1950.;1950;"";onbekend;"";""
V10215;Industriemuseum;lantaarn;Lichtkooi van gaslantaarn voor openbare verlichting;Vierkante lantaarn voor straatverlichting op gas. Aan 1 zijde voorzien van een deurtje. Het bevestigingssysteem voor hangende gloeikousjes ontbreekt. Oorspronkelijk op een lantaarnpaal bevestigd.;1900;"";onbekend;"";""
V27819-002;Industriemuseum;snijbeitel;Beitel om vormen uit leer te snijden;Handmatig te gebruiken metalen beitel met een breed snijvlak in zigzagvorm.;1950;"";onbekend;"";""
V27819-003;Industriemuseum;snijbeitel;Beitel om vormen uit leer te snijden;Handmatig te gebruiken metalen beitel met een breed gegolfd blad.;1950;"";onbekend;"";""
V27819-004;Industriemuseum;snijbeitel;Beitel om vormen uit leer te snijden;Handmatig te gebruiken metalen beitel met snijranden.;1950;"";onbekend;"";""
V27819-005;Industriemuseum;mes;Getand mes gebruikt voor lederbewerking;Zaagmes met driehoekig lemmet en aan 2 zijden tanden gebruikt om leer te snijden.;1950;"";onbekend;"";""
V08697-002;Industriemuseum;lantaarn;Lichtkooi van gaslantaarn voor openbare verlichting;Ronde lantaarn voor straatverlichting op gas. Beugel uit buizen voor de gastoevoer en met klokvormige koperen kap. De glazen stolp ontbreekt. Het bevestigingssysteem voor 3 hangende gloeikousjes ontbreekt. Oorspronkelijk op een lantaarnpaal bevestigd.;1900;"";onbekend;"";""
V12135;Industriemuseum;kachel;Gaskachel zonder merk;Geëmailleerde kachel op gas. Het front ontbreekt.;"";"";onbekend;"";""
D10087;Industriemuseum;adelbrief;Adelbrief van Josse Clemmen;Ingebonden perkamenten adelbrief met grootzegel, in zegeldoos, van Keizer Leopold II uit 1791, die Josse Clemmen verheft tot baron.;1791;1791;"";"";""
AF01891;Industriemuseum;affiche;Reclameaffiche voor gasverlichting van het merk Lempereur & Bernard;Affiche met reclame voor een systeem van gasverlichting via carbide van het merk Lempereur & Bernard. Het acetyleenproductiesysteem is geproduceerd door Josse & Defays. Naar een ontwerp van Emile Berchmans. Gedrukt door A. Bénard in Luik.;1900;1900;"Bénard Aug.;Berchmans, Emile";"lithograaf;ontwerper";"Luik (stad);"
V15529-002;Industriemuseum;vloerplaat (kachel);Vloerplaat voor een gaskachel;Geëmailleerde plaat voor op de vloer voor een kachel op gas.;"";"";onbekend;"";""
V13044-002;Industriemuseum;vloerplaat (kachel);Vloerplaat voor een gaskachel;Geëmailleerde plaat voor op de vloer voor een kachel op gas.;"";"";onbekend;"";""
V12417;Industriemuseum;lampenglas;Lampenglas voor hangend gloeikousje;Gesloten druppelvormig tochtglas in transparant glas als beschermkap voor een gloeikousje. Met 6 ronde gaten voor zuurstoftoevoer en aan de bovenzijde 3 uitstulpingen als bevestigingssysteem. Afkomstig van de Etablissements Emile Schulze pvba in Gent.;"";"";onbekend;"";""
V12040-174;Industriemuseum;spoel;Spoel voor garen van een ringspinmachine of spincontinu;Conische spoel in karton. Gebruikt door SAL in 1948.;1948;"";onbekend;"";""
AF01333-002;Industriemuseum;reclamekaart;Reclamebord voor gloeilampen van het merk AEG;Kaart met reclame voor gloeilampen van het merk AEG. Naar ontwerp van S. Simonin.;1910;1910;Simonin, V.;ontwerper;""
V12043-074;Industriemuseum;spoel;Spoel voor grote bobijn;Conische spoel in karton, geperforeerd en met textuur. Gebruikt door UCB in 1950.;1950;"";onbekend;"";""
V36539-002;Industriemuseum;lithosteen;Lithosteen met reclame voor mineraal water van het merk Apollinaris;Lithografische steen met publiciteit voor mineraal water Apollinaris, gebruikt voor afdruk met vlakdruktechniek. Voor steendruk wordt speciale kalksteen met zeer fijne poriën gebruikt. De hardheid valt af te leiden uit de kleur. Gele stenen zijn vaak zachter, grijze zijn harder.;1950;"";onbekend;"";""
V36557;Industriemuseum;font;Houten drukletters van het type Mansard Ornamented;"De Mansard Ornamented is een schreeflettertype, gebaseerd op de Mansard van William Hamilton Page uit 1879. Het is een populaire fantasieletter die vaak gekopieerd is.
Typografische informatie: puntgrootte: ca. 16 cicero (Fournier) - Belgische hoogte - kapitalen en leestekens - totaal aantal: 33.";1879;1920;Page, William Hamilton;ontwerper;Connecticut
V36564;Industriemuseum;font;Houten drukletters van het type Gothic Tuscan Pointed;"De Gothic Tuscan Pointed is een sierletter binnen de familie van schreefloze Gothic lettertypes. Deze puntige variant werd ontworpen door de Amerikaan William Hamilton Page in 1859.
Typografische informatie: puntgrootte: 11 cicero - Franse hoogte - kapitalen en leestekens - totaal aantal: 38.";1859;1920;Page, William Hamilton;ontwerper;Connecticut
D10190;Industriemuseum;brochure;Informatieve brochure waarin de inrichting van het het pompstation van Gladstone Dock te Liverpool voorgesteld wordt;Het pompstation is voorzien van Carels dieselmotoren en stoommachines.;1913;1913;"";"";""
D10083-032;Industriemuseum;postkaart;Postkaart ter gelegenheid van de wereldtentoonstelling te Gent;Binnenzicht op het Palais des Lumières, op de wereldtentoonstelling van Gent 1913. De hal wordt verlicht door middel van booglampen.;1913;1913;onbekend;"";""
F10198;Industriemuseum;foto;Leerlingen van de grafische opleiding van de vakschool Carels;Foto genomen in een leslokaal van de Stedelijke Jongensberoepsschool Carels in Gent, afdeling drukken, schooljaar 1941-1942.;1941;1942;onbekend;"";Gent
V36951;Industriemuseum;uithangbord;Geëmailleerd firmabord van aannemer Vanassche;Emailbord van de firma L. Vanassche te Kortrijk, aannemer voor de bouw van fabrieksschoorstenen en het plaatsen van stoomketels.;1900;1925;onbekend;"";""
D10249-019;Industriemuseum;letterproef;Letterproef van het lettertype Futura driekwart vet;Studiemateriaal van de grafische opleiding van de Stedelijke Jongensberoepsschool Carels, van leerling Gerard Soudan.;1940;1942;onbekend;"";""
D10249-002;Industriemuseum;letterproef;Letterproef van het lettertype Futura Black;Studiemateriaal van de grafische opleiding van de Stedelijke Jongensberoepsschool Carels, van leerling Gerard Soudan.;1940;1942;onbekend;"";""
D10249-001;Industriemuseum;letterproef;Letterproef van het lettertype Beton halfvet;Studiemateriaal van de grafische opleiding van de Stedelijke Jongensberoepsschool Carels, van leerling Gerard Soudan.;1940;1942;onbekend;"";""
D10249-003;Industriemuseum;letterproef;Letterproef van het lettertype Verlengde Vette Romaansche;Studiemateriaal van de grafische opleiding van de Stedelijke Jongensberoepsschool Carels, van leerling Gerard Soudan.;1940;1942;onbekend;"";""
D10249-004;Industriemuseum;letterproef;Letterproef van het lettertype vette Antieken;Studiemateriaal van de grafische opleiding van de Stedelijke Jongensberoepsschool Carels, van leerling Gerard Soudan.;1940;1942;onbekend;"";""
D10249-006;Industriemuseum;letterproef;Letterproef van het lettertype Futura mager;Studiemateriaal van de grafische opleiding van de Stedelijke Jongensberoepsschool Carels, van leerling Gerard Soudan.;1940;1942;onbekend;"";""
D10249-007;Industriemuseum;letterproef;Letterproef van de lettertypes Appell en Resolut;Studiemateriaal van de grafische opleiding van de Stedelijke Jongensberoepsschool Carels, van leerling Gerard Soudan.;1940;1942;onbekend;"";""
D10249-008;Industriemuseum;letterproef;Letterproef van de lettertypes Golf en Helion;Studiemateriaal van de grafische opleiding van de Stedelijke Jongensberoepsschool Carels, van leerling Gerard Soudan.;1940;1942;onbekend;"";""
D10249-009;Industriemuseum;letterproef;Letterproef van het lettertype Beton extravet;Studiemateriaal van de grafische opleiding van de Stedelijke Jongensberoepsschool Carels, van leerling Gerard Soudan.;1940;1942;onbekend;"";""
D10249-010;Industriemuseum;letterproef;Letterproef van het lettertype Bodoni halfvet;Studiemateriaal van de grafische opleiding van de Stedelijke Jongensberoepsschool Carels, van leerling Gerard Soudan.;1940;1942;onbekend;"";""
D10249-012;Industriemuseum;letterproef;Letterproef van het lettertype Antiek Nobel;Studiemateriaal van de grafische opleiding van de Stedelijke Jongensberoepsschool Carels, van leerling Gerard Soudan.;1940;1942;onbekend;"";""
D10249-014;Industriemuseum;letterproef;Letterproef van de lettertypes Antiek Nobel verlengd en Antique eclairée;Studiemateriaal van de grafische opleiding van de Stedelijke Jongensberoepsschool Carels, van leerling Gerard Soudan.;1940;1942;onbekend;"";""
D10249-015;Industriemuseum;letterproef;Letterproef van het lettertype Metropolis;Studiemateriaal van de grafische opleiding van de Stedelijke Jongensberoepsschool Carels, van leerling Gerard Soudan.;1940;1942;onbekend;"";""
D10249-016;Industriemuseum;letterproef;Letterproef van het lettertype Egmont;Studiemateriaal van de grafische opleiding van de Stedelijke Jongensberoepsschool Carels, van leerling Gerard Soudan.;1940;1942;onbekend;"";""
D10249-011;Industriemuseum;letterproef;Letterproef van niet nader bepaald lettertype;Studiemateriaal van de grafische opleiding van de Stedelijke Jongensberoepsschool Carels, van leerling Gerard Soudan.;1940;1942;onbekend;"";""
D10249-018;Industriemuseum;letterproef;Letterproef van het lettertype Elzevier;Studiemateriaal van de grafische opleiding van de Stedelijke Jongensberoepsschool Carels, van leerling Gerard Soudan.;1940;1942;onbekend;"";""
RE00063-003;Industriemuseum;advertentie;Reclame voor druk-, snij- en naaimachines verdeeld door Bonte;Advertentie met specifieke vermelding van de merken Victoria, Krause en Brehmer. Verdeeld door Etablissements Jules Bonte gevestigd in de Gaucheretstraat 66 te Brussel.;1937;"";"";"";""
RE00063-004;Industriemuseum;advertentie;Reclame voor drukinkt van het merk Falck-Roussel;"Advertentie voor: zwarte en kleurinkten en vernis voor litho, typo en rotocalcooffset; communicatieve en dubbeltoon-inkten; affiche- en primaire kleuren; fijne inkten in tuben; stempelinkten; inkten voor metaal- en houtdruk; overdrachtpapier; en heliogravure-inkten. Verdeeld door NV De Zonen van Falck-Roussel met burelen gevestigd op Gaucheretplaats 2 te Brussel en werkhuizen te Brussel en Vilvoorde.";1937;1937;"";"";""
RE00063-016;Industriemuseum;advertentie;Reclame voor Linotype en Intertype zetmachines verdeeld door De Lille;Advertentie van de firma De Lille te Maldegem die Linotype en Intertype zetmachines herbouwd en onderdelen vervaardigd.;1938;1938;"";"";""
RE00063-017;Industriemuseum;advertentie;Reclame voor Intertype zetmachine verdeeld door Plantin;Advertentie voor de nieuwe Streamline Intertype met dubbele distributie. De zetmachine kan in één regel matrijzen mengen uit 2 of 4 verschillende magazijnen. Verdeeld door Etablissements Plantin NV gevestigd in de Antoine Dansaertstraat 70 te Brussel.;1938;1938;"";"";""
RE00063-018;Industriemuseum;advertentie;Reclame voor drukinkt van het merk Bodson & Nélis;Advertentie voor verschillende types van drukinkten (onderandere op basis van aniline) te gebruiken voor roto, typo, litho en offset. Geproduceerd door Bodson & Nélis Produits Chemiques de Liége SA en gevestigd in Luik.;1938;1938;"";"";""
RE00063-019;Industriemuseum;advertentie;Reclame voor papierbedrijf Papeteries de Virginal;Advertentie voor verschillende types papier bruikbaar voor boekdruk, schrijfwerk, registers, heliogravure, offset, affiches, omslagen, etc. Geproduceerd door Papeteries de Viginal (oud Huis Olin) met werkhuizen te Virginal en afdelingen in de Barastraat 151 te Brussel.;1938;1938;"";"";""
RE00063-020;Industriemuseum;advertentie;Reclame voor grafisch bedrijf Photogravures Réunis;Advertentie voor lijn- en similicliché's van het grafisch bedrijf Photogravures Réunis SM gevestigd in de Frans Delcoignestraat 24 te Brussel.;1939;1939;"";"";""
RE00063-023;Industriemuseum;advertentie;Reclame voor grafisch bedrijf De Wulf;Advertentie van het grafisch bedrijf Photogravure Willy De Wulf gevestigd in de Hoogstraat 9 te Gent. Met prijslijst voor verschillende types van lijncliché's op zink, cliché's in similigravure op zink en offset-cliché's.;1939;1939;"";"";""
RE00063-177;Industriemuseum;advertentie;Reclame voor Heidelberg cilinderpers verdeeld door Plantin;Advertentie voor een automatische cilinderpers type ééntoerenpers van het merk Heidelberg Druckmaschinen AG. Verdeeld door Etablissements Plantin NV te Brussel.;1950;1950;"";"";""
RE00063-029;Industriemuseum;advertentie;Reclame voor drukkerijmachines verdeeld door Bonte;Advertentie voor drukkerijmachines van de merken Victoria (degel- en snelpersen, en het model Victoria-Front), Krause (snelsnijders en machines voor drukkers, boekbinders en kartonbewerkers), Brehmer (vouw-, brocheer en pikeermachines), Roland (offsetpersen), Keese (etiketten-rotatieven), Ludlow (zetmachine), Scamag (speciale machines voor kartonbewerkers) en tweedehands machines. Verdeeld door Werkhuizen Jules Bonte gevestigd in de Gaucheretstraat 66 te Brussel.;1941;1941;"";"";""
V37251;Industriemuseum;drukblok;Houten drukblok voor hoogdruk met afbeelding van een wijzende hand;Houten ornament voor hoogdruk in de vorm van een naar rechts wijzende hand. De manicule is een symbool met een lange geschiedenis. Getekende wijzende handjes werden al voor de boekdrukkunst gebruikt in handschriften voor het aanduiden van paragrafen. De naam is afgeleid van het Latijnse manicula, dat kleine hand betekent. Het gebruik evolueerde van het louter aanduiden van paragrafen tot het trekken van de aandacht naar opmerkelijke passages, titels, enz. In de 19de eeuw werd het een populair typografisch symbool. Een variant waarbij de vinger naar boven wijst wordt vandaag gebruikt als muiscursor in veel webbrowsers en grafische computerprogramma’s.;"";"";onbekend;"";""
V37252;Industriemuseum;drukblok;Houten drukblok voor hoogdruk voor een gotische omlijsting met spitse ovalen opening;"";"";"";onbekend;"";""
RE00063-043;Industriemuseum;advertentie;Reclame voor ATF offsetpersen verdeeld door Plantin;Advertentie voor verschillende types van een kleine offsetpersen (Little Chief, Chief en Big Chief) van het merk American Type Founders (ATF). Verdeeld door Etablissements Plantin NV gevestigd in de Antoine Dansaertstraat 70 te Brussel.;1949;"";"";"";""
RE00063-047;Industriemuseum;advertentie;Reclame voor Papiergroothandel Scaldia;Advertentie voor papier te verkrijgen bij Papiergroothandel Scaldia met vestiging in Ledeganckstraat 14-36 te Antwerpen en de Berthelostraat 106-108 te Brussel (onder de naam Iris).;1949;"";"";"";""
RE00063-049;Industriemuseum;advertentie;Reclame voor drukkerijmachines verdeeld door Vanderzijpen;Advertentie door Etablissementen François Vanderzijpen te Jette. De firma verdeelt drukkerij- en kartonnagemachines, en heeft de alleenverkoop van fonts geproduceerd door Typographica te Gent en automatische degelpersen van het merk Thompson-British Auto-Platen.;1949;"";"";"";""
RE00063-051;Industriemuseum;advertentie;Reclame voor grafisch bedrijf De Schutter;Advertentie van het grafisch bedrijf Photogravure De Schutter NV gevestigd in de Venusstraat 21 te Antwerpen en kantoren in de Seutingstraat 17 te Brussel. Met onder andere vermelding van de grafische technieken: typo, offset, fotogravure en tekeningen.;1949;1949;"";"";""
V37227-012;Industriemuseum;handpers;Gietijzeren handpers;Gietijzeren handpers die gelijkenissen vertoont met het model Stanhope. Dit exemplaar is vermoedelijk een Franse kopie. Er is geen vermelding van de bouwer. De pers was tot in de jaren 1980 in gebruik bij een kleine drukker in Horebeke, voor het drukken van affiches voor lokale openbare verkopen.;"";"";onbekend;"";""
RE00063-062;Industriemuseum;advertentie;Reclame voor kleinformaat offset-druk van het merk Gevaert;Advertentie van de firma Gevaert Photo-Producten NV gevestigd te Mortsel voor kleinformaat offset-druk op Gevalith bladen (dactylografie, tekeningen, etc. rechtstreeks op het blad) en Bromolith bladen (tekeningen, teksten, etc. langs fotografische weg).;1949;1949;"";"";""
RE00063-063;Industriemuseum;advertentie;Reclame door Société Linotype Belge voor het produceren van volmaakte loden regels tekst;"";1949;"";"";"";""
V33946;Industriemuseum;zetbok;Houten zetbok;In een zetbok wordt het loden lettermateriaal bewaard in verschillende letterkasten. Dit zijn ondiepe lades met kleine vakjes, waarin elke letter zijn plaats heeft. Deze houten zetbok is afkomstig uit drukkerij Vanderhaeghen te Gent.;"";"";onbekend;"";""
V10013-007;Industriemuseum;zetbok;Houten zetbok met 14 letterkasten;Afkomstig uit Drukkerij Imschoot te Gent.;"";"";onbekend;"";""
V37541-009;Industriemuseum;zethaak;Lange houten zethaak;Een zethaak is een hulpmiddel dat een handzetter gebruikt. De breedte van een regel, de zetbreedte, wordt ingesteld door een verstelbare wand, het klavier, op de juiste plaats te schuiven en vast te zetten. Als de regel gevuld is zet hij die op een galei. Een aantal regels wordt met een touwtje opgebonden. Het resultaat wordt handzetsel genoemd. Gebruikt voor houten letters.;1875;1900;onbekend;"";""
V32197-002;Industriemuseum;zethaak;Houten zethaak met metalen rug;Een zethaak is een hulpmiddel dat een handzetter gebruikt. De breedte van een regel, de zetbreedte, wordt ingesteld door een verstelbare wand, het klavier, op de juiste plaats te schuiven en vast te zetten. Als de regel gevuld is zet hij die op een galei. Een aantal regels wordt met een touwtje opgebonden. Het resultaat wordt handzetsel genoemd.;1887;"";onbekend;"";""
RE00063-095;Industriemuseum;advertentie;Reclame voor offsetpers van het merk NACA;Advertentie voor de eenkleurige offsetpers Kiebu van het merk NACA (Nieuwe Antwerpsche Constructie Ateliers) gevestigd in de Keizerstraat 15 te Antwerpen.;1951;1951;"";"";""
RE00063-096;Industriemuseum;advertentie;Reclame voor platen en films voor het grafisch bedrijf van het merk Gevaert;"";1951;1951;"";"";""
RE00063-097;Industriemuseum;advertentie;Reclame voor zetbokken van het merk Unitype;Advertentie van De Typografische Gieterij Unitype gevestigd in de Fonsnylaan 58 te Brussel-Zuid, producent van drukkerijbenodigdheden en -meubilair.;1951;1951;"";"";""
RE00063-098;Industriemuseum;advertentie;Reclame voor letterfonts geproduceerd en verdeeld door Unitype;Advertentie met letterproeven van het lettertype Nova (soort Bâtonné) van Lettergieterij Unitype, gevestigd in de Fonsnylaan 58 te Brussel. Unitype is ook verdeler van lettermateriaal van de merken H. Stamminger, J. Wagner en Nebiolo.;1951;1951;"";"";""
F10085-004;Industriemuseum;foto;Binnenzicht van drukkerij Van Melle te Gent;Interieur van drukkerij Van Melle in de Doornzelestraat te Gent. De afdeling afwerking of boekbinderij, met een nietmachine met voetpedaal en op de voorgrond een snijtafel. Mannen en vrouwen snijden, vouwen, nieten en binden het drukwerk.;1930;1940;onbekend;fotograaf;Gent
F10085-009;Industriemuseum;foto;Binnenzicht van drukkerij Van Melle te Gent;Interieur van drukkerij Van Melle in de Doornzelestraat te Gent. De afdeling zetterij met zetbokken en letterkasten voor het handzetten en werktafels met stenen werkblad voor de opmaak van de loden drukvormen.;1930;1940;onbekend;fotograaf;Gent
F10085-008;Industriemuseum;foto;Binnenzicht van drukkerij Van Melle te Gent;Interieur van drukkerij Van Melle in de Doornzelestraat te Gent. De afdeling zetterij met twee machinezetters aan de Intertype zetmachines.;1930;1940;onbekend;fotograaf;Gent
F10085-010;Industriemuseum;foto;Binnenzicht van drukkerij Van Melle te Gent;Binnenzicht van de afdeling drukken van drukkerij Van Melle met personeel. Met vier cilinderpersen met drukkers en bladinleggers.;1930;1940;onbekend;fotograaf;Gent
F10085-012;Industriemuseum;foto;Binnenzicht van drukkerij Van Melle te Gent;Interieur van de zetterij van drukkerij Van Melle in de Doornzelestraat te Gent. Met opgemaakte pagina's loden letters, werktafels met stenen bovenblad voor de opmaak van de loden drukvormen en zetbokken voor het handzetten.;1930;1940;onbekend;fotograaf;Gent
F10085-005;Industriemuseum;foto;Binnenzicht van drukkerij Van Melle te Gent;Interieur van drukkerij Van Melle in de Blekersdijk te Gent. Op de voorgrond de boekbinderij en achteraan de cilinderpers, met riemen en transmissieassen voor de aandrijving van de machines. Op de muur achteraan is een affiche te zien van de wereldtentoonstelling in 1913 en een aantal notarisaffiches met aankondigingen van de verkoop van eigendommen.;1913;1919;onbekend;fotograaf;Gent
V37615-001;Industriemuseum;lithosteen;Lithosteen met visitekaart en bestelbon;Lithosteen met twee afzonderlijke drukdelen. Bovenaan een visitekaart van steenkoolhandelaar Jules Vanderhaeghen gevestigd op de Coupure 178 en 180 te Gent. Onderaan een bestelbon met briefhoofd van de firma Blanquaert en Steenhaut, leverancier van fantasie-artikelen voor mannen en vrouwen, gevestigd in Lede.;"";"";onbekend;"";""
F10085-007;Industriemuseum;foto;Binnenzicht van drukkerij Van Melle te Gent;Interieur van drukkerij Van Melle in de Doornzelestraat te Gent. De afdeling zetterij met zetbokken en letterkasten voor het handzetten en werktafels met stenen werkblad voor de opmaak van de loden drukvormen.;1930;1940;onbekend;fotograaf;Gent
F10304-011;Industriemuseum;foto;Binnenzicht van drukkerij De Riemaecker te Nukerke;Vijf vrouwen zijn aan het handzetten, aan tafels met letterkasten. Ze werkten tijdelijk in de drukkerij voor het zetten van de jaarlijkse kiezerslijsten.;1950;"";onbekend;"";Nukerke (Maarkedal)
RE00063-178;Industriemuseum;advertentie;Reclame door Société Linotype Belge voor de L&M drukpers;"";1950;"";"";"";""
RE00063-168;Industriemuseum;advertentie;Reclame door Société Linotype Belge voor de Linotype zetmachine;"";1950;"";"";"";""
RE00063-182;Industriemuseum;advertentie;Reclame voor fotogravure De Schutter;Het bedrijf, gelegen in Antwerpen, produceert drukvormen, zoals galvano's, stereo's en flans in opdracht van drukkers.;1950;"";"";"";""
RE00063-208;Industriemuseum;advertentie;Reclame voor Heidelberg degelpers (de Heidelberger Drukautomaat);De pers werd verdeeld door Etablissements Plantin NV te Brussel.;1949;1949;"";"";""
RE00063-227;Industriemuseum;advertentie;Reclame voor Heidelberg degelpers verdeeld door Plantin;Advertentie voor een automatische degelpers van het merk Heidelberg Druckmaschinen AG verdeeld door Etablissements Plantin NV te Brussel.;1951;"";"";"";""
RE00063-025;Industriemuseum;advertentie;Reclame voor Heidelberg degelpers verdeeld door Plantin;Advertentie voor de automatische degelpersen van het merk Heidelberg Druckmaschinen AG, verdeeld door de Etablissements Plantin te Brussel. Ze zijn beschikbaar in twee formaten, de Super-automaat met papierformaat 26x36 cm en de Groote automaat met papierformaat 34x46 cm.;1939;"";"";"";""
F10027-171;Industriemuseum;foto;Binnenzicht van textielfabriek Union Linière in Gent;Fabriekszaal met spinmachines van vlasspinnerij Union Linière nv, gelegen in de Groendreef in Gent. Opgericht in 1907 en wordt in 1923 deel van Cotonnière des Flandres nv gelegen in de Kempstraat in Gent. Kinderen, textielarbeidsters en -arbeiders poseren aan de machines.;"";"";onbekend;"";""
F10027-172;Industriemuseum;foto;Binnenzicht van textielfabriek Union Linière in Gent;Fabriekszaal van vlasspinnerij Union Linière nv, gelegen in de Groendreef in Gent. Opgericht in 1907 en wordt in 1923 deel van Cotonnière des Flandres nv gelegen in de Kempstraat in Gent. Kinderen, textielarbeidsters en -arbeiders poseren aan de machines.;"";"";onbekend;"";""
F10381;Industriemuseum;foto;Luchtfoto van textielfabriek La Lys in Gent;Fabrieksgebouwen van vlasspinnerij La Lys nv, gelegen tussen de Leiekaai en Nieuwewandeling in Gent. Waar zich voorheen de fabriek bevond vinden we vandaag het Groenevalleipark. Naast vlas worden in de fabriek ook jute en hennep tot garen gesponnen. Centraal is de oorspronkelijke fabriek te zien. In 1864 breidt de fabriek uit aan de overkant van de Leiearm, met gebouwen die de naam 'Kleine Lys' krijgen (rechts op de foto). De oorspronkelijke fabriek wordt dan 'Grote Lys' genoemd.;1900;"";onbekend;"";""
